# Vocabulario inglés de uso habitual: definición e frase de cada palabra, escritas a man.
# Fonte que le tools/build_corpus_ingles.py. Columnas separadas por tabulador.
id_global	lemma	pos	definicion	frase
1	a	DET	one; used before a singular noun that is not a particular one	She is reading a story to the class.
2	able	ADJ	having the skill, strength or chance to do something	Now she is able to tie her shoes by herself.
3	about	ADP	on the subject of	We read a book about a little fox.
4	above	ADP	higher than something	The clock is above the door.
5	absolute	ADJ	complete and total	There was absolute silence in the room.
6	accept	VERB	to take something that someone offers you	She accepted the flower with a big smile.
7	across	ADP	from one side of something to the other	We walked across the bridge to the park.
8	act	NOUN	something that someone does	Sharing your toys is an act of kindness.
9	actual	ADJ	real, not just imagined	The actual cake was even bigger than the picture.
10	add	VERB	to put something together with something else	Add two cups of flour to the bowl.
11	address	NOUN	the number and street where someone lives	Write your address on the envelope.
12	admit	VERB	to agree, often unwillingly, that something is true	He admitted that he broke the cup.
13	advertise	VERB	to tell people about something so that they buy it or use it	The shop advertises its new toys on the radio.
14	afford	VERB	to have enough money or time for something	We can't afford a new car this year.
15	afraid	ADJ	feeling fear	The puppy is afraid of the thunder.
16	after	ADP	later than something	We play outside after lunch.
17	afternoon	NOUN	the part of the day between midday and evening	We go to the park in the afternoon.
18	again	ADV	one more time	Can you sing the song again?
19	against	ADP	touching or leaning on something	The ladder is leaning against the wall.
20	age	NOUN	how old a person or thing is	At the age of three, she started school.
21	ago	ADV	before now; in the past	We moved to Vigo two years ago.
22	agree	VERB	to have the same opinion as someone	I agree with you: it is a lovely day.
23	ahead	ADV	in front; further forward	Look ahead and walk carefully.
24	air	NOUN	the mixture of gases that we breathe	Open the window and let in some fresh air.
25	all	DET	every one of a group; the whole of something	All the children sat on the rug.
26	allow	VERB	to let someone do something	Dogs are not allowed in the playground.
27	almost	ADV	nearly, but not completely	The baby is almost asleep.
28	alone	ADV	without other people	The cat likes to sleep alone.
29	along	ADP	from one part of something towards the other end of it	We walked along the beach.
30	already	ADV	before now, or sooner than expected	She has already eaten her lunch.
31	alright	ADV	in a way that is good enough	The first day at school went alright.
32	also	ADV	as well; too	She also likes to paint.
33	although	SCONJ	despite the fact that	Although it was raining, we went outside.
34	always	ADV	at all times; every time	We always wash our hands before lunch.
35	amaze	VERB	to surprise someone very much	The magic trick will amaze the children.
36	among	ADP	in the middle of a group of things or people	She was sitting among her friends.
37	amount	NOUN	how much there is of something	Use a small amount of glue.
38	and	CCONJ	used to join words or parts of a sentence	We read a story and then we sang a song.
39	angry	ADJ	feeling strong displeasure about something	He was angry because his tower fell down.
40	animal	NOUN	a living creature that can move, such as a dog or a bird	The farm has many animals.
41	another	DET	one more; a different one	Can I have another apple?
42	answer	VERB	to say something back when someone asks you a question	Raise your hand to answer the question.
43	any	DET	some, no matter which or how much	Do you have any pencils?
44	apart	ADV	separated by a distance	Stand with your feet apart.
45	apparent	ADJ	easy to see or understand	It was apparent that she was tired.
46	appear	VERB	to start to be seen	A rainbow appeared in the sky.
47	area	NOUN	a part of a place, a town or a country	This area of the classroom is for reading.
48	arm	NOUN	one of the two long parts of the body between the shoulder and the hand	Lift your arms up high.
49	around	ADP	on every side of something; in a circle	We sat around the table.
50	arrange	VERB	to put things in a particular order or position	Arrange the blocks from big to small.
51	arrive	VERB	to get to a place	The bus arrives at nine o'clock.
52	art	NOUN	paintings, drawings and other things people make to be beautiful	We put our art on the classroom wall.
53	as	ADV	to the same degree	My box is as big as yours.
54	ashamed	ADJ	feeling bad because you did something wrong	He felt ashamed after he shouted at his friend.
55	ask	VERB	to say something to get an answer or some help	Ask your teacher if you need help.
56	at	ADP	used to show where or when something happens	We meet at the door every morning.
57	aunt	NOUN	the sister of your father or mother	My aunt lives near the sea.
58	autumn	NOUN	the season between summer and winter, when leaves fall	The leaves turn orange in autumn.
59	aware	ADJ	knowing that something exists or is happening	The cat was aware of the dog behind the fence.
60	away	ADV	to or at a distance from a place	The bird flew away.
61	awful	ADJ	very bad or unpleasant	The weather was awful, so we stayed inside.
62	baby	NOUN	a very young child	The baby is sleeping in the pram.
63	back	ADV	to the place where someone or something was before	Put the book back on the shelf.
64	bad	ADJ	not good or not pleasant	It was a bad day, but tomorrow will be better.
65	bag	NOUN	a container made of cloth, paper or plastic, for carrying things	Put your coat in your bag.
66	ball	NOUN	a round object that you throw, kick or hit in games	Kick the ball to me!
67	bank	NOUN	a business that keeps and lends money	Mum went to the bank to get some money.
68	bar	NOUN	a solid block of something, such as soap or chocolate	Wash your hands with this bar of soap.
69	base	VERB	to use something as the starting point for something else	The film is based on a famous book.
70	basic	ADJ	simple and important, at the start	First, we learn the basic colours.
71	bath	NOUN	a large container that you fill with water to wash your body	The baby splashes in the bath.
72	be	VERB	to exist, or to have a quality or a place	Be careful on the stairs!
73	beach	NOUN	an area of sand or stones next to the sea	We built a sandcastle on the beach.
74	bear	VERB	to accept or deal with something unpleasant	She could not bear to see the puppy so sad.
75	beat	VERB	to win against someone in a game	Our team beat them two to one.
76	beauty	NOUN	the quality of being very pleasant to look at or listen to	We enjoyed the beauty of the garden in spring.
77	because	SCONJ	for the reason that	We stayed inside because it was cold.
78	become	VERB	to begin to be something	The caterpillar will become a butterfly.
79	bed	NOUN	a piece of furniture for sleeping on	It is time for bed.
80	before	ADP	earlier than something	Wash your hands before lunch.
81	begin	VERB	to start	The story begins on a rainy day.
82	behind	ADP	at the back of something	The cat is hiding behind the sofa.
83	believe	VERB	to think that something is true	I believe you can do it!
84	below	ADP	lower than something	Write your name below the picture.
85	beneath	ADP	under something	The ball rolled beneath the bench.
86	beside	ADP	next to	Come and sit beside me on the rug.
87	best	ADJ	better than all the others	This is the best day ever!
88	bet	VERB	to feel sure that something is true or will happen	I bet she will love the present.
89	better	ADJ	more good; of a higher quality than something else	This new chair is better than the old one.
90	between	ADP	in the space that separates two things	The ball is between the two boxes.
91	beyond	ADP	on the far side of something	The farm is just beyond the hill.
92	big	ADJ	large in size or amount	An elephant is a very big animal.
93	bill	NOUN	a piece of paper that shows how much money you must pay	The waiter brought the bill after lunch.
94	billion	NUM	the number 1,000,000,000	About eight billion people live on Earth.
95	bird	NOUN	an animal with feathers and wings that lays eggs	A little bird is singing in the tree.
96	birth	NOUN	the moment when a baby is born	The cat gave birth to four kittens.
97	bit	NOUN	a small piece or amount of something	Can I have a bit of your apple?
98	black	ADJ	having the darkest colour, like the night sky	She has a black cat.
99	blood	NOUN	the red liquid that your heart pumps around your body	Your heart pumps blood all around your body.
100	blow	NOUN	a sudden event that makes you sad or disappointed	Losing the match was a big blow for the team.
101	blue	ADJ	having the colour of a clear sky	She is wearing a blue raincoat.
102	board	NOUN	a flat piece of wood or other material, used for a special purpose	The teacher wrote the date on the board.
103	boat	NOUN	a small vehicle that travels on water	We saw a fishing boat in the harbour.
104	body	NOUN	all of a person or an animal, from the head to the feet	We move our body to the music.
105	bone	NOUN	one of the hard white parts inside the body of a person or an animal	The dog is chewing a bone.
106	book	NOUN	a set of printed pages fixed together inside a cover	Let's read a book before bed.
107	boring	ADJ	not interesting at all	The rainy afternoon felt long and boring.
108	born	ADJ	brought into life	The puppies were born last week.
109	both	DET	the two together	Hold the cup with both hands.
110	bother	VERB	to annoy someone or interrupt them	Please don't bother the cat while it eats.
111	bottle	NOUN	a glass or plastic container for liquids, with a narrow neck	Fill your water bottle before we go out.
112	bottom	NOUN	the lowest part of something	The shells are at the bottom of the bucket.
113	box	NOUN	a container with flat sides, often with a lid	Put the toys back in the box.
114	boy	NOUN	a male child	The boy is building a tower of blocks.
115	bread	NOUN	a food made from flour, water and yeast, baked in an oven	We had bread and cheese for a snack.
116	break	VERB	to make something split into pieces, often by dropping it	Be careful, or you will break the glass.
117	breakfast	NOUN	the first meal of the day	We eat breakfast at eight o'clock.
118	breath	NOUN	the air that goes into and out of your body	Take a deep breath and relax.
119	bright	ADJ	full of light, or shining strongly	The sun is very bright today.
120	bring	VERB	to take someone or something with you to a place	Bring your boots tomorrow.
121	brother	NOUN	a boy or man who has the same parents as you	My little brother is two years old.
122	brown	ADJ	having the colour of wood or earth	The horse has a brown coat.
123	build	VERB	to make something by putting parts together	Let's build a house with the blocks.
124	burn	VERB	to be on fire, or to damage something with fire or heat	Don't touch the oven: you can burn your hand.
125	bus	NOUN	a large vehicle that carries many passengers	We take the bus to the beach.
126	bush	NOUN	a plant like a small tree, with many branches	A bird is hiding in the bush.
127	business	NOUN	the work of buying and selling things or services	Her parents run a small business in the market.
128	busy	ADJ	having a lot to do	Mum is busy cooking dinner.
129	but	CCONJ	used before something different from what you have just said	It was cold, but we played outside.
130	buy	VERB	to get something by paying money for it	We buy fruit at the market.
131	by	ADP	next to; near	Leave your shoes by the door.
132	cake	NOUN	a sweet food made from flour, eggs, sugar and butter, baked in an oven	We made a chocolate cake for her birthday.
133	call	VERB	to give someone or something a name	We call our cat Pepa.
134	camp	NOUN	a place where people stay in tents or huts for a short time	The summer camp is near the river.
135	can	AUX	to be able to do something	You can do it by yourself.
136	car	NOUN	a vehicle with four wheels and an engine	Dad parks the car in front of the house.
137	card	NOUN	a piece of stiff paper with a picture and a message	We made a birthday card for grandma.
138	care	VERB	to feel that something or someone is important	She really cares about her little sister.
139	carry	VERB	to hold something and take it with you	Can you carry the basket to the kitchen?
140	case	NOUN	a particular situation or example of something	In that case, we will stay at home.
141	cat	NOUN	a small animal with soft fur, often kept as a pet	The cat is sleeping on the sofa.
142	catch	VERB	to take hold of something that is moving through the air	Catch the ball with both hands!
143	cause	VERB	to make something happen	The heavy rain caused a flood in the street.
144	centre	NOUN	the middle point or part of something	Put the vase in the centre of the table.
145	certain	ADJ	completely sure	Are you certain that the door is closed?
146	chair	NOUN	a seat for one person, with a back	Pull your chair close to the table.
147	chance	NOUN	a time when you can do something	Everyone will get a chance to play.
148	change	VERB	to make something different, or to become different	The leaves change colour in autumn.
149	charge	VERB	to ask an amount of money for something	The museum doesn't charge anything for children.
150	cheap	ADJ	not costing much money	These pencils are cheap and good.
151	check	VERB	to look at something to see if it is right or safe	Check that your shoes are tied.
152	chicken	NOUN	a farm bird kept for its eggs and meat	The chicken laid an egg this morning.
153	child	NOUN	a young person who is not an adult yet	Every child has a peg for their coat.
154	chip	NOUN	a small piece that has broken off something	There is a chip in this plate.
155	choice	NOUN	the act of choosing, or something that you choose	You have a choice: apples or pears.
156	choose	VERB	to decide which thing or person you want	Choose a colour for your drawing.
157	christmas	NOUN	the holiday on 25 December, and the days around it	We visit our grandparents at Christmas.
158	church	NOUN	a building where Christians go to pray	The old church in the village has a tall tower.
159	city	NOUN	a large and important town	Vigo is a city by the sea.
160	class	NOUN	a group of children who learn together	Our class has twenty children.
161	clean	ADJ	not dirty	Put on a clean shirt after lunch.
162	clear	ADJ	easy to understand, see or hear	The teacher's instructions were very clear.
163	climb	VERB	to go up something, using your hands and feet	The children climb the ladder to the slide.
164	clock	NOUN	a machine that shows what time it is	The clock on the wall says ten o'clock.
165	close	VERB	to shut something	Close the door, please, it's cold.
166	closed	ADJ	not open	The shop is closed on Sundays.
167	clothes	NOUN	the things that people wear, such as shirts and trousers	Put your dirty clothes in the basket.
168	club	NOUN	a group of people who meet to do an activity together	She goes to a swimming club on Saturdays.
169	coat	NOUN	a piece of clothing with sleeves that you wear over your other clothes	Put on your coat before we go out.
170	coffee	NOUN	a hot brown drink made from roasted beans	Grandpa drinks a cup of coffee every morning.
171	cold	ADJ	having a low temperature	The water in the sea is very cold.
172	collect	VERB	to bring things together from different places	We collect shells on the beach.
173	college	NOUN	a place where people study after they leave school	My cousin is studying music at college.
174	colour	NOUN	red, blue, green and yellow are colours	What is your favourite colour?
175	come	VERB	to move towards the person who is speaking	Come here and look at this snail!
176	comfort	NOUN	a pleasant feeling of being relaxed and free from pain	The soft blanket gave him comfort.
177	company	NOUN	a business that makes or sells things	Her mum works for a company that makes boats.
178	complete	ADJ	having all its parts	The puzzle is complete at last!
179	computer	NOUN	an electronic machine that stores information and does tasks	The teacher has a computer on her desk.
180	concern	VERB	to be about something, or to be important to someone	This letter concerns the school trip.
181	consider	VERB	to think carefully about something	We will consider all your ideas.
182	continue	VERB	to keep doing something	Let's continue the story after lunch.
183	control	NOUN	the power to make someone or something do what you want	The driver lost control of the bike on the ice.
184	conversation	NOUN	a talk between two or more people	We had a long conversation about dinosaurs.
185	cook	VERB	to make food ready to eat by heating it	Dad likes to cook pasta on Fridays.
186	cool	ADJ	a little cold, often in a pleasant way	The evening breeze is cool.
187	corner	NOUN	the place where two sides or two streets meet	The bakery is on the corner of our street.
188	cost	NOUN	the amount of money you need to buy something	The cost of the trip is ten euros.
189	could	AUX	was able to; a polite way to ask	She could hear the rain on the window.
190	count	VERB	to say numbers in order, or to find how many there are	Let's count the apples: one, two, three!
191	country	NOUN	an area of land with its own government	Portugal is the country next to Galicia.
192	couple	NOUN	two people who are together, or two things	A couple of birds are sitting on the fence.
193	course	NOUN	a set of lessons about a subject	My mum is doing an English course.
194	court	NOUN	a place where people play some sports, like tennis	They play tennis on the court behind the school.
195	cover	VERB	to put something over something else	Cover the plants when it gets cold.
196	crazy	ADJ	very silly or strange	The clown wore a crazy hat with bells.
197	crime	NOUN	an action that is against the law	The police work to keep the town safe from crime.
198	cross	VERB	to go from one side of something to the other	Hold my hand when we cross the street.
199	cry	VERB	to have tears coming from your eyes	Babies cry when they are hungry.
200	cup	NOUN	a small container with a handle, for drinking	Would you like a cup of milk?
201	cut	VERB	to divide something into pieces with a knife or scissors	Cut the paper along the line.
202	dad	NOUN	an informal word for father	My dad reads me a story every night.
203	dance	VERB	to move your body to music	Let's dance to the music!
204	danger	NOUN	the possibility that something bad will happen	The sign warns of danger near the cliff.
205	dark	ADJ	with little or no light	It gets dark early in winter.
206	darling	NOUN	a person you love very much; also a word to speak to them	Good night, darling, sleep well.
207	date	NOUN	a particular day of the month or year	What is the date today?
208	daughter	NOUN	someone's female child	Their daughter is learning to swim.
209	day	NOUN	a period of 24 hours, or the time when it is light	We go to the park every day.
210	dead	ADJ	no longer alive	The flowers are dead because nobody watered them.
211	deal	VERB	to take action to solve a problem	The teacher knows how to deal with a crying child.
212	dear	ADJ	loved very much	She is a dear friend of our family.
213	death	NOUN	the end of life	The cold winter caused the death of many plants.
214	decide	VERB	to choose something after thinking about it	We decided to go to the beach.
215	deep	ADJ	going a long way down from the top	The pool is too deep for little children.
216	definite	ADJ	certain, clear and not likely to change	We don't have a definite date for the trip yet.
217	degree	NOUN	a unit for measuring temperature or angles	It is twenty degrees outside today.
218	delicious	ADJ	tasting or smelling very good	This soup is delicious!
219	depend	VERB	to be decided by something else	Our plans depend on the weather.
220	die	VERB	to stop living	Plants die if you don't water them.
221	difference	NOUN	the way in which two things are not the same	Can you see the difference between the two pictures?
222	different	ADJ	not the same	The two socks are different colours.
223	difficult	ADJ	not easy	This puzzle is too difficult for me.
224	dig	VERB	to make a hole in the ground	The children dig in the sand with their spades.
225	dinner	NOUN	the main meal of the day, usually in the evening	We have dinner at eight o'clock.
226	dirty	ADJ	not clean	Your hands are dirty: go and wash them.
227	discover	VERB	to find something for the first time	We discovered a snail under the stone.
228	do	VERB	to perform an action or a job	Let's do a puzzle together.
229	doctor	NOUN	a person whose job is to treat people who are ill	The doctor listened to my heart.
230	dog	NOUN	an animal with four legs that people keep as a pet	Our dog loves to run on the beach.
231	door	NOUN	the part you open and close to go into a room or a building	Knock on the door before you come in.
232	double	VERB	to become twice as big, or to make something twice as big	The number of ducks on the pond doubled in spring.
233	doubt	NOUN	a feeling of not being sure about something	There is no doubt: it's going to rain.
234	down	ADV	towards a lower place	Sit down on the rug, please.
235	draw	VERB	to make a picture with a pencil, pen or crayon	Draw a circle on your paper.
236	dream	NOUN	the pictures and events you see in your mind while you sleep	I had a funny dream about a flying fish.
237	dress	VERB	to put clothes on	She can dress herself now.
238	drink	VERB	to take liquid into your mouth and swallow it	Drink some water after playing.
239	drive	VERB	to make a car, bus or train move	My mum drives a small red car.
240	drop	VERB	to let something fall	Don't drop the eggs!
241	drug	NOUN	a medicine used to treat an illness	The new drug helps people with a bad cough.
242	dry	VERB	to remove the water from something	Dry your hands with the towel.
243	during	ADP	all through a period of time, or at some point in it	We keep the lights low during the nap.
244	each	DET	every one of two or more things, taken one by one	Each child has a coat peg with a picture.
245	ear	NOUN	one of the two parts of the head that you hear with	The rabbit has long ears.
246	early	ADJ	happening near the beginning of a period of time	We went for an early walk on the beach.
247	earth	NOUN	the soil in which plants grow	Plant the seeds in the earth and water them.
248	east	ADJ	in or towards the direction where the sun rises	We live on the east side of the city.
249	easy	ADJ	not difficult	This puzzle is easy: it only has four pieces.
250	eat	VERB	to put food in your mouth and swallow it	We eat lunch at half past twelve.
251	edge	NOUN	the outside end or side of something	Don't stand so close to the edge of the pool.
252	educate	VERB	to teach someone, usually at a school	Schools educate children and help them grow.
253	egg	NOUN	an oval object with a shell, laid by a bird; also eaten as food	The hen laid a brown egg.
254	eight	NUM	the number 8	A spider has eight legs.
255	either	ADV	used after a negative sentence to mean also	I can't swim yet, and my brother can't either.
256	eleven	NUM	the number 11	There are eleven players in a football team.
257	else	ADV	different, or more	Is there anything else you want to say?
258	employ	VERB	to give someone a job and pay them	The bakery employs five people.
259	empty	ADJ	with nothing inside	The biscuit tin is empty!
260	end	NOUN	the last part of something	We clap at the end of the song.
261	engine	NOUN	the part of a vehicle that makes it move	The tractor's engine makes a loud noise.
262	enjoy	VERB	to like doing something	I enjoy painting with my fingers.
263	enough	ADV	as much as is needed	Is the water warm enough for a bath?
264	enter	VERB	to come or go into a place	Please wipe your feet when you enter the house.
265	especially	ADV	more than usual, or more than others	I love fruit, especially strawberries.
266	even	ADV	used to show that something is surprising	Even the baby laughed at the funny song.
267	evening	NOUN	the part of the day between the afternoon and the night	In the evening, we read a story together.
268	ever	ADV	at any time	Have you ever seen a dolphin?
269	every	DET	each one of a group, without exception	We wash our hands before every meal.
270	exact	ADJ	completely correct	What is the exact time, please?
271	except	ADP	not including	All the children are here except one.
272	excite	VERB	to make someone feel happy and full of energy	The trip to the zoo will excite the children.
273	excuse	NOUN	a reason you give to explain why you did something	He always has an excuse for being late.
274	expect	VERB	to think that something will happen	We expect rain this afternoon.
275	expensive	ADJ	costing a lot of money	That bike is too expensive.
276	experience	NOUN	something that happens to you and that you remember	Seeing the whales was an amazing experience.
277	explain	VERB	to tell someone about something so that they understand it	Can you explain the rules of the game?
278	express	VERB	to show a feeling or an idea with words, faces or actions	Children express their feelings through play.
279	extra	ADJ	more than the usual amount	Take an extra jumper in case it gets cold.
280	eye	NOUN	one of the two parts of the face that you see with	Close your eyes and listen.
281	face	NOUN	the front of the head, with the eyes, nose and mouth	She painted a smile on her face.
282	fact	NOUN	something that is known to be true	It's a fact that the sun is a star.
283	fair	ADJ	treating everyone in the same way	It's not fair: everyone should have a turn.
284	fall	VERB	to drop down towards the ground	The leaves fall from the trees in autumn.
285	family	NOUN	a group of people who are related, such as parents and children	My family lives near the sea.
286	far	ADV	a long distance away	Is the beach far from here?
287	farm	NOUN	land and buildings used for growing crops and keeping animals	We saw cows and sheep at the farm.
288	fast	ADJ	moving or able to move quickly	The cheetah is a very fast animal.
289	fat	ADJ	having a large, round body	The fat pig is rolling in the mud.
290	father	NOUN	a male parent	Her father is a fisherman.
291	favourite	ADJ	liked more than all the others	Blue is my favourite colour.
292	fear	NOUN	the feeling you have when you think something bad may happen	She has a fear of the dark.
293	feed	VERB	to give food to a person or an animal	Can I feed the ducks?
294	feel	VERB	to have an emotion or a feeling in your body	I feel happy when we sing together.
295	fellow	NOUN	a man or a boy (informal)	The baker is a friendly fellow.
296	few	ADJ	a small number of	Only a few leaves are left on the tree.
297	field	NOUN	an area of land with grass or crops	The cows are eating grass in the field.
298	fight	VERB	to argue or struggle with someone	My brother and I sometimes fight over toys.
299	figure	NOUN	a symbol for a number, such as 1, 2 or 3	Write the figure seven in the box.
300	fill	VERB	to make something full	Fill the bucket with sand.
301	film	NOUN	a story told with moving pictures, shown in a cinema or on TV	We watched a film about penguins.
302	final	ADJ	coming at the end; last	This is the final song of the day.
303	find	VERB	to see or get something that you were looking for	I can't find my other shoe.
304	fine	ADJ	good enough, or well	I'm fine, thank you. And you?
305	finger	NOUN	one of the five long parts at the end of your hand	Count to five on your fingers.
306	finish	VERB	to come to the end of something	Finish your milk, please.
307	fire	NOUN	the flames, light and heat from something burning	We sat by the fire and told stories.
308	first	ADJ	coming before all the others	Who wants to be first in the line?
309	fish	NOUN	an animal that lives in water and breathes through gills	We saw a silver fish in the rock pool.
310	fit	VERB	to be the right size or shape for someone or something	These shoes don't fit me any more.
311	five	NUM	the number 5	A starfish has five arms.
312	fix	VERB	to repair something that is broken	Grandpa can fix my bike.
313	flat	ADJ	smooth and level, without high or low parts	We need a flat place for the picnic.
314	floor	NOUN	the surface of a room that you walk on	The toys are all over the floor.
315	flower	NOUN	the brightly coloured part of a plant, or a plant grown for it	She picked a yellow flower for her mum.
316	fly	VERB	to move through the air	Birds fly south in the autumn.
317	follow	VERB	to go behind someone or something	Follow me to the garden.
318	food	NOUN	what people and animals eat	Plants make their own food from sunlight.
319	foot	NOUN	the part of the body at the end of the leg, that you stand on	Stand on one foot like a flamingo.
320	football	NOUN	a game in which two teams kick a ball and try to score goals	The children play football in the park.
321	for	ADP	meant to be given to or used by someone	This picture is for your family.
322	force	NOUN	physical strength or power	The force of the wind knocked over the bin.
323	forest	NOUN	a large area of land covered with trees	Deer live in the forest.
324	forget	VERB	to not remember something	Don't forget your umbrella!
325	form	NOUN	a type or kind of something	Ice is a form of water.
326	fortunate	ADJ	lucky	We were fortunate to see a rainbow.
327	forward	ADV	towards the front	Take one step forward.
328	four	NUM	the number 4	A table usually has four legs.
329	free	ADJ	not costing any money	Entry to the park is free.
330	freeze	VERB	to stop moving and stay completely still	When the music stops, freeze like a statue!
331	fresh	ADJ	recently made, picked or bought	We bought fresh bread at the bakery.
332	friday	NOUN	the day of the week after Thursday	On Friday we review all the words of the week.
333	friend	NOUN	a person you know well and like	She is playing with her best friend.
334	fright	NOUN	a sudden feeling of fear	The loud bang gave the baby a fright.
335	from	ADP	used to show where something starts or comes from	The letter came from the school.
336	front	NOUN	the part of something that faces forward	Sit at the front so you can see.
337	full	ADJ	containing as much as possible	The basket is full of apples.
338	fun	NOUN	enjoyment, or something you enjoy doing	We had lots of fun at the party.
339	further	ADV	to a greater distance or degree	We can't walk any further: it's getting dark.
340	game	NOUN	an activity with rules that people play for fun	Let's play a game of hide-and-seek.
341	garden	NOUN	a piece of land next to a house, with grass and plants	We grow tomatoes in our garden.
342	gas	NOUN	a substance like air that is not solid or liquid	Steam is water in the form of a gas.
343	general	ADJ	about the main parts of something, not the details	The teacher gave us a general idea of the trip.
344	gentle	ADJ	kind, calm and soft	Be gentle when you stroke the kitten.
345	get	VERB	to receive or obtain something	Did you get a letter from grandma?
346	girl	NOUN	a female child or young woman	The girl is painting a big sun.
347	give	VERB	to let someone have something	Give the ball to your friend.
348	glad	ADJ	pleased and happy	I'm glad you came to my party.
349	glance	VERB	to look at something quickly	She glanced at the clock and smiled.
350	glass	NOUN	a hard material that you can see through, used for windows	The window is made of glass.
351	go	VERB	to move or travel from one place to another	We go to school by bus.
352	god	NOUN	a being that people believe has power over nature or people	In the old myths, Neptune was the god of the sea.
353	gold	NOUN	a precious yellow metal	The crown is made of gold.
354	good	ADJ	of a high quality, or pleasant	That was a good idea!
355	goodbye	NOUN	what you say when you leave someone	We waved goodbye to grandma at the station.
356	govern	VERB	to officially control a country, a region or a city	The mayor and the council govern the city.
357	grandfather	NOUN	the father of your father or mother	My grandfather tells the best stories.
358	grass	NOUN	a common green plant with thin leaves that covers fields and gardens	The grass is wet after the rain.
359	great	ADJ	very big, important or good	You did a great job!
360	green	ADJ	having the colour of grass	The frog is green.
361	grey	ADJ	having a colour between black and white, like a cloudy sky	The sky is grey today.
362	ground	NOUN	the surface of the earth	The apples fell to the ground.
363	group	NOUN	a number of people or things that are together	Work in groups of four.
364	grow	VERB	to get bigger, or to make plants get bigger	Plants need water and sun to grow.
365	guess	VERB	to give an answer when you are not sure that it is right	Guess what is inside the box!
366	gun	NOUN	a device that shoots things out with force, such as water or paint	In summer, we fill a water gun and play in the garden.
367	guy	NOUN	a man (informal)	The guy at the fruit shop is very kind.
368	hair	NOUN	the thin threads that grow on your head	She has long curly hair.
369	half	NOUN	one of two equal parts of something	Cut the apple in half.
370	hall	NOUN	the area just inside the front door of a house	Leave your boots in the hall.
371	hand	NOUN	the part of the body at the end of the arm, with fingers	Wash your hands with soap and water.
372	handle	VERB	to deal with a situation or a problem	She handled the problem calmly.
373	hang	VERB	to fix something at the top so that the lower part is free	Hang your coat on the hook.
374	happen	VERB	to take place	What happened at the end of the story?
375	happy	ADJ	feeling or showing pleasure	The children are happy when it snows.
376	hard	ADJ	not easy	Learning to whistle is hard!
377	hardly	ADV	almost not	I can hardly hear you: speak louder, please.
378	hat	NOUN	a piece of clothing that you wear on your head	Wear a hat in the sun.
379	hate	VERB	to dislike something very much	My cat hates the rain.
380	have	VERB	to own or hold something; to experience something	We have a story every morning.
381	he	PRON	a male person or animal that has already been mentioned	He is putting on his coat.
382	head	NOUN	the top part of the body, with the eyes, mouth and brain	Put your hands on your head.
383	health	NOUN	the condition of your body or mind	Fruit and vegetables are good for your health.
384	hear	VERB	to notice sounds with your ears	Can you hear the birds singing?
385	heart	NOUN	the organ in your chest that beats and keeps you alive	Put your hand on your chest and feel your heart beat.
386	heat	NOUN	the quality of being hot	The heat of the sun melted the ice cream.
387	heavy	ADJ	weighing a lot	This box is too heavy to lift.
388	hell	NOUN	in some religions, a place of punishment after life	The old painting in the museum shows heaven and hell.
389	hello	NOUN	a word you say when you meet someone	Say hello to your new friend.
390	help	VERB	to make it easier for someone to do something	Can you help me put the toys away?
391	here	ADV	in or to this place	Come here and sit with us.
392	hide	VERB	to go or put something where it cannot be seen	Let's hide behind the curtain!
393	high	ADJ	far above the ground	The kite is flying very high.
394	hill	NOUN	an area of land that is higher than the land around it	We rolled down the grassy hill.
395	history	NOUN	the things that happened in the past	We learned about the history of our town.
396	hit	VERB	to touch something quickly and with force	Hit the drum with the stick.
397	hold	VERB	to have something in your hands or arms	Hold the rope tightly.
398	hole	NOUN	an empty space or opening in something	The rabbit went down a hole.
399	holiday	NOUN	a time when you do not go to work or school	We go to the beach in the summer holidays.
400	home	NOUN	the place where you live	It's time to go home.
401	honest	ADJ	always telling the truth	Thank you for being honest about the broken cup.
402	honour	NOUN	something that makes you feel proud and special	It's an honour to meet you.
403	hope	VERB	to want something to happen and think that it may happen	I hope it's sunny tomorrow.
404	horrible	ADJ	very bad or unpleasant	The medicine tasted horrible.
405	horse	NOUN	a large animal with four legs that people ride	The horse is eating hay.
406	hospital	NOUN	a place where doctors and nurses look after people who are ill	The new baby was born in the hospital.
407	hot	ADJ	having a high temperature	Be careful: the soup is hot!
408	hour	NOUN	a period of sixty minutes	The film lasts one hour.
409	house	NOUN	a building where people live	Our house has a red door.
410	how	ADV	in what way	Show me how you open your hands.
411	however	ADV	but; despite this	It was cold; however, we had a great time.
412	huge	ADJ	very, very big	The whale was huge!
413	human	ADJ	relating to people	The human body has more than two hundred bones.
414	hundred	NUM	the number 100	There are a hundred pages in this book.
415	hunger	NOUN	the feeling you have when you need to eat	The baby cried with hunger.
416	hunt	VERB	to chase and catch animals for food	Owls hunt mice at night.
417	hurry	VERB	to do something or go somewhere quickly	Hurry up, the bus is coming!
418	hurt	VERB	to cause pain, or to feel pain	My knee hurts after the fall.
419	husband	NOUN	the man someone is married to	Her husband is a nurse.
420	i	PRON	the person who is speaking	I can see you.
421	ice	NOUN	water that has frozen and become hard	The pond is covered with ice.
422	idea	NOUN	a thought or a plan	I have an idea: let's build a den!
423	if	SCONJ	used to say that one thing depends on another	If you are ready, we can start.
424	imagine	VERB	to make a picture of something in your mind	Imagine you are a bird flying over the sea.
425	important	ADJ	mattering a lot	It's important to wash your hands.
426	in	ADP	inside; within	The blocks are in the box.
427	indeed	ADV	used to make a statement stronger	It was a very cold day indeed.
428	inform	VERB	to tell someone about something officially	Please inform the teacher if your child is ill.
429	inside	ADV	in or into a building	Let's play inside: it's raining.
430	instead	ADV	in the place of someone or something else	Let's walk instead of taking the bus.
431	insure	VERB	to pay a company that will give you money if something is lost or damaged	We insure our house against fire and floods.
432	interest	NOUN	the feeling of wanting to know more about something	She has a great interest in insects.
433	internet	NOUN	the worldwide system that connects computers	The teacher found the song on the internet.
434	into	ADP	to the inside of something	Put the blocks into the box.
435	involve	VERB	to include something as a necessary part	The game involves a lot of running.
436	island	NOUN	a piece of land with water all around it	We took a boat to the island.
437	issue	VERB	to give or produce something officially	The library issues a card to every new reader.
438	it	PRON	the thing or animal that has already been mentioned	It is raining again.
439	job	NOUN	the work that a person does to earn money	Her job is to look after the animals at the zoo.
440	join	VERB	to become part of a group or an activity	Come and join us in the circle!
441	joke	NOUN	something funny that you say to make people laugh	Grandpa told a funny joke.
442	judge	VERB	to decide who wins a competition	Three people will judge the drawing competition.
443	jump	VERB	to push yourself up into the air with your legs	Jump as high as you can!
444	just	ADV	only	It's just a small scratch.
445	keep	VERB	to stay, or to make something stay, in the same state or place	Keep the door closed, please.
446	key	NOUN	a small piece of metal that opens a lock	I can't open the door without the key.
447	kick	VERB	to hit something with your foot	Kick your legs in the water.
448	kid	NOUN	a child (informal)	The kids are playing in the garden.
449	kill	VERB	to make someone or something die	Frost can kill young plants.
450	kind	NOUN	a type or sort	What kind of fruit do you like?
451	king	NOUN	a man who rules a country because he is from a royal family	The king wore a golden crown.
452	kiss	VERB	to touch someone with your lips to show love	She kissed her baby brother goodnight.
453	kitchen	NOUN	the room where you cook	Dad is cooking in the kitchen.
454	knock	VERB	to hit a door with your hand so that people know you are there	Someone is knocking at the door.
455	know	VERB	to have information in your mind	Do you know the name of this bird?
456	lady	NOUN	a polite word for a woman	The lady in the shop gave us a sticker.
457	lake	NOUN	a large area of water with land all around it	We fed the ducks at the lake.
458	land	NOUN	the part of the earth that is not covered by water	Frogs live on land and in water.
459	large	ADJ	big in size or amount	A whale is a very large animal.
460	last	ADJ	the one before this one; most recent	We went to the zoo last week.
461	late	ADJ	after the usual or expected time	Hurry up, we're late!
462	laugh	VERB	to make sounds with your voice because something is funny	The clown made everyone laugh.
463	law	NOUN	a rule that everyone in a country must follow	It's the law: you must wear a seatbelt in the car.
464	lay	VERB	to put something or someone down carefully	Lay the baby gently in the cot.
465	lazy	ADJ	not wanting to work or be active	Our lazy cat sleeps all day.
466	lead	VERB	to show someone the way by going in front	The teacher will lead us to the garden.
467	learn	VERB	to get new knowledge or a new skill	We learn new words every day.
468	least	ADV	less than anything or anyone else	I like this colour the least.
469	leave	VERB	to go away from a place	We leave the house at eight.
470	left	ADJ	on the same side of the body as the heart	Raise your left hand.
471	leg	NOUN	one of the long parts of the body that you walk with	Stretch your legs after sitting.
472	less	ADV	not as much	Talk less and listen more.
473	let	VERB	to allow someone to do something	Let me help you with your coat.
474	letter	NOUN	a written message that you send to someone	We wrote a letter to grandma.
475	level	NOUN	the height of something	The water level in the river is high after the rain.
476	lie	VERB	to be in a flat position on a surface	Lie on your back and look at the clouds.
477	life	NOUN	the time when a person, an animal or a plant is alive	A butterfly has a short life.
478	lift	VERB	to move something to a higher position	Can you lift this heavy box?
479	light	NOUN	the brightness that comes from the sun or a lamp	Plants need light to grow.
480	like	VERB	to enjoy something, or to think that something is nice	I like playing in the snow.
481	line	NOUN	a row of people or things	Stand in a line by the door.
482	lip	NOUN	one of the two soft edges of your mouth	Put your finger on your lips: shh!
483	list	NOUN	a number of names or things written one after another	Let's make a shopping list.
484	listen	VERB	to pay attention to a sound	Listen carefully to the story.
485	little	ADJ	small in size	The little mouse ran under the bed.
486	live	VERB	to have your home in a place	We live in a flat near the port.
487	load	NOUN	something heavy that is carried	The truck is carrying a big load of sand.
488	local	ADJ	belonging to the area where you live	We buy bread at the local bakery.
489	lock	VERB	to close something with a key	Lock the door when you go out.
490	long	ADJ	lasting a lot of time	It was a long day, and everyone was tired.
491	look	VERB	to turn your eyes towards something to see it	Look at the pretty butterfly!
492	lord	NOUN	a man of high rank in some countries	The lord lived in a big castle.
493	lose	VERB	to not be able to find something	Don't lose your gloves.
494	lot	NOUN	a large number or amount (a lot of)	We had a lot of fun at the beach.
495	loud	ADJ	making a lot of noise	The drum is very loud.
496	love	VERB	to like someone or something very, very much	I love you very much.
497	lovely	ADJ	very nice, beautiful or pleasant	What a lovely day!
498	low	ADJ	not far above the ground	The bench is low, so little children can sit on it.
499	luck	NOUN	good things that happen by chance	Good luck with your swimming lesson!
500	lunch	NOUN	a meal in the middle of the day	We have lunch at school.
501	machine	NOUN	a piece of equipment with moving parts that does a job	The washing machine is very noisy.
502	mad	ADJ	very angry (informal)	Mum was mad at me for making a mess.
503	main	ADJ	most important	The main door of the school is blue.
504	major	ADJ	very large or important	The storm caused major problems on the roads.
505	make	VERB	to create or produce something	Let's make pancakes for breakfast.
506	man	NOUN	an adult male person	The man at the bus stop is reading a newspaper.
507	manage	VERB	to succeed in doing something difficult	She managed to climb to the top of the rope.
508	many	ADJ	a large number of	How many apples are in the basket?
509	mark	VERB	to put a sign or a line on something	Mark the date on the calendar.
510	market	NOUN	a place where people buy and sell food and other things	We buy fish at the market.
511	marry	VERB	to become someone's husband or wife	My cousin is going to marry next summer.
512	master	NOUN	a person who is very skilled at something	The old carpenter is a master of his craft.
513	matter	NOUN	a problem or a subject (what's the matter? = what is wrong?)	What's the matter? Why are you sad?
514	may	AUX	used to ask for permission, or to say that something is possible	May I sit here with you?
515	maybe	ADV	perhaps	Maybe it will snow tomorrow.
516	meal	NOUN	the food that you eat at one time, such as lunch or dinner	We share a meal with our neighbours on Sundays.
517	mean	VERB	to have a particular meaning	What does this word mean?
518	meet	VERB	to come together with someone	Let's meet at the park after school.
519	member	NOUN	a person who belongs to a group	Every member of the family helped to cook.
520	mention	VERB	to speak about something briefly	Did she mention the party?
521	mess	NOUN	a dirty or untidy state	Your room is a mess!
522	middle	NOUN	the centre of something	The ball is in the middle of the field.
523	might	AUX	used to say that something is possible	It might rain this afternoon.
524	mile	NOUN	a unit for measuring distance, about 1.6 kilometres	The beach is one mile from our house.
525	milk	NOUN	the white liquid that cows and other animals produce for their babies	The baby drinks warm milk.
526	million	NUM	the number 1,000,000	The prize was a million euros.
527	mind	NOUN	the part of you that thinks and feels	Close your eyes and clear your mind.
528	minute	NOUN	a period of sixty seconds	Wait a minute, please.
529	miss	VERB	to arrive too late for something, or to not catch it	Hurry, or we'll miss the bus!
530	mistake	NOUN	something that is not correct	Everyone makes mistakes.
531	mister	NOUN	a word used to speak to a man whose name you do not know	Excuse me, mister, is this your hat?
532	moment	NOUN	a very short time	Wait a moment, I'm coming.
533	monday	NOUN	the day of the week after Sunday	On Monday we learn five new words.
534	money	NOUN	the coins and notes that you use to buy things	We keep our money in a piggy bank.
535	month	NOUN	one of the twelve parts of a year	October is the second month of the school year.
536	more	ADV	to a greater degree	Please speak more slowly.
537	morning	NOUN	the early part of the day, before midday	Good morning, everyone!
538	most	ADV	to the greatest degree	This is the most beautiful shell I've ever seen.
539	mother	NOUN	a female parent	Her mother is a teacher.
540	mountain	NOUN	a very high hill	There is snow on the top of the mountain.
541	mouth	NOUN	the part of the face that you eat and speak with	Open your mouth wide and say "aah".
542	move	VERB	to change position, or to make something change position	Move your arms like a windmill.
543	movie	NOUN	a film	We watched a funny movie about a dog.
544	mrs	NOUN	a title used before the family name of a married woman	Mrs Brown is our new neighbour.
545	much	ADV	a lot	Thank you very much!
546	mum	NOUN	mother (informal, British English)	My mum picks me up after school.
547	music	NOUN	sounds made by voices or instruments in a way that is pleasant	We listen to music in the car.
548	must	AUX	used to say that something is necessary	We must wash our hands first.
549	name	NOUN	the word that someone or something is called	What is your name?
550	nation	NOUN	a country and the people who live in it	The whole nation watched the final match on TV.
551	nature	NOUN	plants, animals and everything in the world not made by people	We go for walks in nature every weekend.
552	naughty	ADJ	badly behaved	The naughty puppy chewed my slipper.
553	near	ADP	not far from	The school is near our house.
554	neat	ADJ	tidy and in order	Keep your desk neat and tidy.
555	necessary	ADJ	needed	Is it necessary to bring a towel?
556	neck	NOUN	the part of the body between the head and the shoulders	The giraffe has a very long neck.
557	need	VERB	to have to have something	We need more paper for the drawings.
558	neighbour	NOUN	a person who lives next to you or near you	Our neighbour has a friendly dog.
559	never	ADV	not at any time	I have never seen snow.
560	new	ADJ	just made or bought, or not seen before	I have new shoes.
561	news	NOUN	information about things that have happened recently	Grandpa watches the news every evening.
562	next	ADJ	coming straight after this one	We will go to the zoo next week.
563	nice	ADJ	pleasant, kind or good	It's a nice day for a walk.
564	night	NOUN	the time when it is dark, between evening and morning	The moon shines at night.
565	nine	NUM	the number 9	Nine children came to the party.
566	no	DET	not any	There is no milk left.
567	nobody	PRON	no person	Nobody was in the classroom.
568	noise	NOUN	a sound, especially a loud or unpleasant one	Please don't make so much noise.
569	none	PRON	not any; not one	None of the children were cold.
570	normal	ADJ	usual and expected	It's normal to feel nervous on the first day.
571	north	ADV	towards the north	The birds fly north in spring.
572	nose	NOUN	the part of the face that you smell and breathe with	Touch your nose with your finger.
573	not	ADV	used to make a sentence negative	I am not tired.
574	note	VERB	to notice something, or to write it down	Please note that the school is closed on Friday.
575	nothing	PRON	not anything	There is nothing in the box.
576	notice	VERB	to see or become aware of something	Did you notice the new picture on the wall?
577	now	ADV	at this moment	Let's tidy up now.
578	number	NOUN	a word or symbol such as one, two or 3	Choose a number from one to ten.
579	nurse	NOUN	a person whose job is to care for people who are ill or hurt	The nurse put a plaster on my knee.
580	obvious	ADJ	easy to see or understand	It was obvious that the cat wanted food.
581	odd	ADJ	of a number that cannot be divided exactly by two	Three, five and seven are odd numbers.
582	of	ADP	belonging to, or part of	This is the first day of the week.
583	off	ADV	away from a place, or no longer working	Turn off the light, please.
584	offer	VERB	to ask someone if they want something	She offered me a piece of cake.
585	office	NOUN	a room or building where people work at desks	My dad works in an office.
586	officer	NOUN	a person with a position of authority, for example in the police	The police officer helped us cross the road.
587	often	ADV	many times	We often go to the beach in summer.
588	oil	NOUN	a thick liquid from plants or from under the ground	Fry the eggs in a little olive oil.
589	ok	ADV	all right; yes	Is it OK if I sit here?
590	old	ADJ	having lived or existed for a long time	My grandmother is eighty years old.
591	on	ADP	touching the top surface of something	The book is on the table.
592	once	ADV	one time	We go swimming once a week.
593	one	NUM	the number 1	I have one brother and two sisters.
594	only	ADV	no more than	There is only one apple left.
595	open	VERB	to move something so that it is no longer closed	Open your book at page five.
596	or	CCONJ	used to show a choice between things	Do you want the red one or the blue one?
597	orange	NOUN	a round fruit with a thick orange skin	I had an orange for my snack.
598	order	NOUN	the way things are arranged, one after another	Put the numbers in order.
599	other	ADJ	different from the one already mentioned	The other children are in the garden.
600	ought	AUX	used to say what is the right thing to do	We ought to wait a few more seconds.
601	out	ADV	away from the inside of a place	Let's go out and play in the snow.
602	over	ADP	above or across something	The cow jumped over the moon.
603	own	ADJ	belonging to a particular person	Each child has their own towel.
604	owned	ADJ	having an owner	The bakery is a family-owned business.
605	pack	VERB	to put things into a bag or a box	Pack your bag for the trip.
606	page	NOUN	one side of a sheet of paper in a book	Turn the page and see what happens.
607	pain	NOUN	the feeling you have when part of your body hurts	She has a pain in her tummy.
608	paint	VERB	to make a picture with paint	Let's paint a rainbow.
609	pair	NOUN	two things of the same kind that go together	I need a new pair of shoes.
610	paper	NOUN	thin material for writing or drawing on, made from wood	Fold the paper in half.
611	pardon	VERB	to forgive someone; pardon? means please say that again	Pardon me, could you say that again?
612	parent	NOUN	a mother or a father	Each parent received a letter from the school.
613	park	NOUN	a public garden where people walk and play	We play on the swings in the park.
614	part	NOUN	one of the pieces or sections of something	This is my favourite part of the story.
615	particular	ADJ	this one and not another	Is there a particular book you want to read?
616	party	NOUN	a social event where people meet to celebrate	We had a party for her fifth birthday.
617	pass	VERB	to give something to someone with your hand	Pass the bread, please.
618	past	NOUN	the time before now	In the past, people washed clothes in the river.
619	pay	VERB	to give money for something	We pay for the bread at the counter.
620	penny	NOUN	a small British coin; there are 100 pennies in a pound	I found a penny on the pavement.
621	people	NOUN	men, women and children	Many people came to the concert.
622	perfect	ADJ	without any mistakes; as good as it can be	Your drawing is perfect!
623	perhaps	ADV	maybe	Perhaps we can go to the beach tomorrow.
624	person	NOUN	a man, a woman or a child	She is a very kind person.
625	photograph	NOUN	a picture made with a camera	We took a photograph of the whole class.
626	pick	VERB	to choose	Pick your favourite fruit from the basket.
627	picture	NOUN	a drawing, painting or photograph	Look at this picture of a lighthouse.
628	piece	NOUN	a part of something	The puzzle is missing one piece.
629	place	NOUN	a particular area or position	This is a good place for a picnic.
630	plan	VERB	to decide what you are going to do	We plan to visit the aquarium.
631	plant	NOUN	a living thing that grows in the ground, with leaves and roots	Water the plant every morning.
632	play	VERB	to do things for fun, such as games	Let's play with the blocks.
633	please	VERB	to make someone happy	It's hard to please everyone.
634	plenty	NOUN	a large amount; more than enough	We have plenty of time.
635	plus	NOUN	an advantage; something good	Having a garden is a big plus for a family.
636	point	NOUN	the sharp end of something	Be careful with the point of the pencil.
637	police	NOUN	the people whose job is to protect people and make them obey the law	The police helped to find the lost dog.
638	poor	ADJ	deserving sympathy	The poor kitten was cold and wet.
639	pop	VERB	to burst with a short loud sound	The balloon popped with a loud bang.
640	position	NOUN	the way someone or something is placed	Stay in this position for five seconds.
641	possible	ADJ	able to happen or be done	Is it possible to visit the lighthouse?
642	post	NOUN	letters and parcels that are delivered (British English)	Has the post arrived yet?
643	pot	NOUN	a deep round container for cooking	Mum is making soup in a big pot.
644	pound	NOUN	the money used in the United Kingdom	This book costs five pounds.
645	power	NOUN	the ability or strength to do something	The wind has the power to turn the windmill.
646	prepare	VERB	to make something ready	Let's prepare the table for lunch.
647	present	VERB	to show or give something to a group of people	The children will present their drawings to the class.
648	press	VERB	to push something with your finger	Press the button to ring the bell.
649	pretty	ADV	quite; fairly	The water is pretty cold today.
650	price	NOUN	the amount of money that something costs	What is the price of this kite?
651	prince	NOUN	the son of a king or a queen	The prince lived in a castle by the sea.
652	prison	NOUN	a building where people are kept as a punishment	The old prison is now a museum.
653	probably	ADV	almost certainly	It will probably rain later.
654	problem	NOUN	something difficult that you need to solve	Can you help me with this problem?
655	programme	NOUN	a show on television or radio	My favourite TV programme is about animals.
656	promise	VERB	to say that you will certainly do something	I promise to tidy my room.
657	proper	ADJ	right or suitable	Wear proper shoes for the walk.
658	protect	VERB	to keep someone or something safe	A helmet protects your head.
659	public	ADJ	for everyone to use	The public library is free for everyone.
660	pull	VERB	to move something towards you	Pull the rope as hard as you can!
661	push	VERB	to move something away from you with your hands	Push the swing gently.
662	put	VERB	to move something into a place	Put the cups on the table.
663	quarter	NOUN	one of four equal parts	Cut the sandwich into quarters.
664	queen	NOUN	a woman who rules a country, or the wife of a king	The queen wore a long red cloak.
665	question	NOUN	something that you ask	Can I ask you a question?
666	quick	ADJ	fast, or taking a short time	Take a quick look at this.
667	quiet	ADJ	making very little noise	Please be quiet: the baby is sleeping.
668	quite	ADV	fairly, but not very	The film was quite long.
669	rabbit	NOUN	a small animal with long ears and soft fur	The rabbit hopped across the field.
670	race	NOUN	a competition to see who is the fastest	Let's have a race to the tree!
671	radio	NOUN	a machine that you use to listen to programmes and music	Grandma listens to the radio while she cooks.
672	rain	NOUN	water that falls from the clouds in drops	The rain is falling on the roof.
673	raise	VERB	to lift something to a higher position	Raise your hand if you want to speak.
674	rate	NOUN	the speed at which something happens	The puppy is growing at a fast rate.
675	rather	ADV	used to say what you prefer (would rather)	I would rather stay at home today.
676	reach	VERB	to stretch out your arm to touch or get something	Can you reach the top shelf?
677	read	VERB	to look at words and understand them	Can you read the title of the book?
678	ready	ADJ	prepared for something	Are you ready? Let's go!
679	real	ADJ	true, not imagined or a copy	Is that a real dinosaur bone?
680	realise	VERB	to understand or become aware of something	I didn't realise it was so late!
681	really	ADV	very; truly	I really like your drawing.
682	reason	NOUN	why something happens or why someone does something	What is the reason for your smile?
683	recent	ADJ	happening a short time ago	Here are some recent photos of the baby.
684	record	NOUN	the best result that anyone has ever achieved	She broke the school record for the long jump.
685	red	ADJ	having the colour of a ripe tomato or a strawberry	Stop when the light is red.
686	relate	VERB	to see or show a connection between things	Children relate the story to their own lives.
687	remember	VERB	to keep something in your mind, or to bring it back	Do you remember the name of the song?
688	rent	VERB	to pay money to use something that belongs to someone else	We rented a small house by the beach.
689	reply	VERB	to answer	Please reply to my letter soon.
690	report	VERB	to tell people about something that has happened	The children report what they saw on the walk.
691	responsible	ADJ	having the job of looking after someone or something	Who is responsible for feeding the fish?
692	rest	NOUN	the part of something that is left	You can eat the rest of the cake tomorrow.
693	return	VERB	to give something back, or to come back	Please return the book to the library.
694	rich	ADJ	having a lot of money	The rich man in the story shared his gold.
695	rid	VERB	to remove something you do not want (get rid of)	Let's get rid of these old boxes.
696	ride	VERB	to sit on a bike or a horse and make it move	I can ride my bike without help.
697	right	NOUN	something that you are allowed to have or do because it is fair	Every child has the right to play.
698	rights	NOUN	the things that every person is allowed to have or do	Children's rights are important.
699	ring	VERB	to make the sound of a bell	The bell rings at nine o'clock.
700	rise	VERB	to go up	The sun rises in the east.
701	river	NOUN	a large natural stream of water that flows into the sea	We threw stones into the river.
702	road	NOUN	a hard surface for cars and other vehicles to travel on	Look both ways before you cross the road.
703	rock	NOUN	a large piece of stone	There is a crab under the rock.
704	roll	VERB	to move by turning over and over	Roll the ball across the floor.
705	room	NOUN	a part of a building with walls, a floor and a ceiling	My room has a big window.
706	rough	ADJ	not smooth	The bark of the tree feels rough.
707	round	ADJ	shaped like a circle or a ball	The ball is round.
708	rubbish	NOUN	things that you throw away because you do not need them	Put the rubbish in the bin.
709	rule	NOUN	something that tells you what you must or must not do	The first rule of the game is: no pushing!
710	run	VERB	to move very quickly on your legs	Let's run to the end of the garden!
711	sad	ADJ	unhappy	The little bear felt sad and lonely.
712	safe	ADJ	not in danger	Hold my hand so you are safe.
713	sail	VERB	to travel on water in a boat	We sailed to the islands in a small boat.
714	same	ADJ	exactly like another, or not different	We are wearing the same T-shirt!
715	saturday	NOUN	the day of the week after Friday	On Saturday we go to the market.
716	save	VERB	to keep someone or something safe from danger	The firefighter saved the kitten from the tree.
717	say	VERB	to speak words	What did you say?
718	scare	VERB	to make someone feel afraid	Don't scare the birds away.
719	school	NOUN	a place where children go to learn	We walk to school every morning.
720	science	NOUN	the study of nature and how the world works	We do science experiments with water.
721	sea	NOUN	the salt water that covers a large part of the earth	The sea is calm today.
722	seat	NOUN	something that you sit on	Please take a seat.
723	second	ADJ	coming after the first	This is the second time I've seen this film.
724	secure	VERB	to fix something firmly so that it cannot move	Secure the tent with these pegs.
725	see	VERB	to notice things with your eyes	I can see a boat on the horizon.
726	seem	VERB	to appear to be	You seem tired today.
727	self	NOUN	who you are; your own character	After a good sleep, he was his usual cheerful self.
728	sell	VERB	to give something to someone who pays you for it	They sell fresh fish at the port.
729	send	VERB	to make something go to another place, for example by post	Let's send a postcard to grandma.
730	sense	NOUN	one of the five ways we know the world: sight, hearing, smell, taste and touch	Smell is one of our five senses.
731	serious	ADJ	not joking or laughing	Why are you so serious today?
732	serve	VERB	to give food or drink to someone	The waiter will serve the soup.
733	service	NOUN	work that is done for people, such as transport or health care	The bus service in our town is very good.
734	set	VERB	to put something in a place	Help me set the table for dinner.
735	settle	VERB	to make yourself comfortable in a place	The cat settled on the warm cushion.
736	seven	NUM	the number 7	There are seven days in a week.
737	several	ADJ	more than two, but not many	We saw several boats in the harbour.
739	shake	VERB	to move something quickly up and down or from side to side	Shake the bottle before you open it.
740	shall	AUX	used to make an offer or a suggestion	Shall we read the story again?
741	shape	NOUN	the form of something, such as a circle or a square	A circle is a round shape.
742	share	VERB	to have or use something together with other people	Let's share the crayons.
743	she	PRON	a female person or animal that has already been mentioned	She is looking at the picture.
744	ship	NOUN	a large boat that carries people or goods across the sea	A big ship is sailing into the port.
745	shirt	NOUN	a piece of clothing for the top part of the body, with buttons	Tuck your shirt in.
746	shoe	NOUN	something that you wear on your foot	Put on your left shoe first.
747	shoot	VERB	to make a film or take photographs	The team will shoot a film about the sea.
748	shop	NOUN	a building or room where you can buy things	The toy shop is next to the bakery.
749	short	ADJ	lasting a little time	It was a short walk to the beach.
750	should	AUX	used to say what is right or good to do	You should hold the cup with both hands.
751	shoulder	NOUN	the part of the body between the neck and the top of the arm	Put your hands on your shoulders.
752	shout	VERB	to speak very loudly	Don't shout: I can hear you.
753	show	VERB	to let someone see something	Show me your drawing.
754	shut	VERB	to close something	Shut the gate behind you.
755	shy	ADJ	nervous about meeting or talking to people	The new boy was shy on his first day.
756	sick	ADJ	ill	She stayed at home because she was sick.
757	side	NOUN	the left or right part of something	Walk on this side of the street.
758	sight	NOUN	something that you see	The sea was a beautiful sight.
759	sign	VERB	to write your name on something	Please sign the form at the bottom.
760	silly	ADJ	funny in a foolish way	The clown made silly faces.
761	simple	ADJ	easy to understand or do	This game has simple rules.
762	since	SCONJ	from a time in the past until now	He has been happy since he started school.
763	sing	VERB	to make music with your voice	Let's sing a song together.
764	single	ADJ	only one	There isn't a single cloud in the sky.
765	sir	NOUN	a polite word to speak to a man	Excuse me, sir, is this seat free?
766	sister	NOUN	a girl or woman who has the same parents as you	My sister and I share a room.
767	sit	VERB	to rest on a chair or on the floor	Please sit on the bench and wait.
768	situation	NOUN	the things that are happening at a particular time	The teacher stayed calm in a difficult situation.
769	six	NUM	the number 6	An insect has six legs.
770	size	NOUN	how big or small something is	What size are your shoes?
771	skin	NOUN	the outer layer of the body	Put sun cream on your skin.
772	sky	NOUN	the space above the earth where you see the sun, the moon and the stars	The sky is full of stars tonight.
773	sleep	VERB	to rest with your eyes closed, not awake	Babies sleep a lot.
774	slight	ADJ	small in amount or degree	I have a slight cold.
775	slip	VERB	to slide by accident and fall or almost fall	Be careful not to slip on the wet floor.
776	slow	ADJ	not fast	The tortoise is slow but steady.
777	small	ADJ	little in size	The mouse is very small.
778	smell	VERB	to notice something with your nose	Smell the roses in the garden.
779	smile	VERB	to make a happy face, turning up the corners of your mouth	Smile for the photo!
780	smoke	NOUN	the grey or white cloud that comes from something burning	Smoke came out of the chimney.
781	snow	NOUN	soft white pieces of frozen water that fall from the sky	The snow is cold and white.
782	so	ADV	very	I'm so happy to see you!
783	soft	ADJ	not hard; nice to touch	The kitten's fur is soft.
784	some	DET	an amount or number of something	Would you like some grapes?
785	son	NOUN	someone's male child	Their son is three years old.
786	song	NOUN	a short piece of music with words that you sing	We sing a song about the rain.
787	soon	ADV	in a short time	Dinner will be ready soon.
788	sorry	ADJ	feeling bad about something you did	I'm sorry I broke your crayon.
789	sort	NOUN	a type or kind	What sort of music do you like?
790	sound	NOUN	something that you hear	I love the sound of the waves.
791	south	ADJ	in or from the direction of the south	A warm south wind is blowing today.
792	space	NOUN	the area beyond the Earth, where the stars and the planets are	Astronauts travel into space.
793	speak	VERB	to say words	Can you speak English?
794	special	ADJ	different from usual, and important	Today is a special day: it's my birthday!
795	spend	VERB	to pass time doing something	We spend the summer at the beach.
796	sport	NOUN	a physical game or activity, such as football or swimming	Swimming is my favourite sport.
797	spot	NOUN	a small round mark on something	The ladybird has black spots.
798	spring	NOUN	the season between winter and summer	Flowers bloom in spring.
799	square	NOUN	a shape with four equal sides and four right angles	A square has four equal sides.
800	stage	NOUN	a period or step in a process	Crawling is an important stage for babies.
801	stand	VERB	to be on your feet	Stand up and stretch your arms.
802	star	NOUN	a ball of burning gas in space that looks like a point of light at night	Look at that bright star!
803	stare	VERB	to look at something for a long time	It's rude to stare at people.
804	start	VERB	to begin	The film starts at five o'clock.
805	state	NOUN	the condition that something is in	The old house was in a bad state.
806	station	NOUN	a place where trains or buses stop for passengers	The train leaves from the station at ten.
807	stay	VERB	to remain in the same place	Stay here while I get the ball.
808	steal	VERB	to take something that belongs to someone else without asking	The seagull tried to steal my sandwich!
809	step	NOUN	the movement of lifting your foot and putting it down in a new place	Climb the steps carefully.
810	stick	NOUN	a long thin piece of wood	The dog brought back the stick.
811	still	ADV	continuing until now	Are you still hungry?
812	stone	NOUN	a small piece of rock	We skipped stones on the lake.
813	stop	VERB	to no longer move, or to finish doing something	The bus stops in front of the school.
814	store	NOUN	a shop	The store on the corner sells fruit.
815	story	NOUN	a description of real or imagined events, told or written	Tell me a story, please.
816	straight	ADJ	not bending or curving	Draw a straight line with your ruler.
817	strange	ADJ	unusual or surprising	We heard a strange noise in the attic.
818	street	NOUN	a road in a town with houses or shops	We live on a quiet street.
819	strike	VERB	to hit something	Strike the triangle gently with the stick.
820	strong	ADJ	having a lot of power in your body	Ants are very strong for their size.
821	student	NOUN	a person who is studying at a school, college or university	The student teacher helps in our class.
822	study	NOUN	the activity of learning about a subject	The study of animals is called zoology.
823	stuff	NOUN	things in general (informal)	Put all your stuff in your bag.
824	stupid	ADJ	not clever or sensible	It was a stupid idea to go out without a coat.
825	subject	NOUN	something that you learn about at school, such as maths or music	Music is my favourite subject.
826	such	ADV	so; to such a degree	It was such a lovely day!
827	sudden	ADJ	happening quickly and without warning	There was a sudden noise in the kitchen.
828	suggest	VERB	to give an idea for someone to think about	I suggest we go to the park.
829	suit	NOUN	a jacket and trousers or a skirt made of the same cloth	Dad wore a suit to the wedding.
830	summer	NOUN	the warmest season of the year	We swim in the sea in summer.
831	sun	NOUN	the star that gives the Earth light and heat	The sun is shining today.
832	sunday	NOUN	the day of the week after Saturday	On Sunday we visit our grandparents.
833	support	VERB	to help and encourage someone	Our friends support us when we are sad.
834	suppose	VERB	to think that something is probably true	I suppose you're hungry after the walk.
835	sure	ADJ	certain	Are you sure you don't want any more?
836	surprise	VERB	to do something that someone does not expect	Let's surprise mum with a cake!
837	sweet	ADJ	tasting of sugar	These grapes are very sweet.
838	swim	VERB	to move through water using your arms and legs	Fish swim in the sea.
839	system	NOUN	a set of parts that work together	The school has a new heating system.
840	table	NOUN	a piece of furniture with a flat top and legs	We eat at the kitchen table.
841	tail	NOUN	the part at the end of an animal's body, behind its back legs	The dog wags its tail when it's happy.
842	take	VERB	to carry or bring something with you	Take an umbrella: it's raining.
843	talk	VERB	to speak with someone	Let's talk about our weekend.
844	tall	ADJ	high, or higher than usual	The giraffe is very tall.
845	tape	NOUN	a long thin sticky strip of plastic, used to stick things together	Fix the drawing to the wall with tape.
846	taste	NOUN	the flavour that something has in your mouth	I love the taste of strawberries.
847	tax	NOUN	money that people pay to the government	Everyone pays tax to help pay for schools and hospitals.
848	tea	NOUN	a hot drink made with dried leaves and water	Would you like a cup of tea?
849	teach	VERB	to help someone learn something	Can you teach me to whistle?
850	team	NOUN	a group of people who play or work together	Our team won the race!
851	tear	VERB	to pull paper or cloth apart	Be careful not to tear the page.
852	telephone	NOUN	a machine that you use to talk to someone far away	The telephone is ringing.
853	television	NOUN	a machine with a screen that shows programmes	We don't watch television at dinner.
854	tell	VERB	to say something to someone	Tell me about your day.
855	ten	NUM	the number 10	Count to ten and open your eyes.
856	tend	VERB	to usually do something	Cats tend to sleep during the day.
857	term	NOUN	one of the periods of the school year	The school term starts in September.
858	terrible	ADJ	very bad	I had a terrible dream last night.
859	test	VERB	to try something to see if it works or is right	Test the water with your hand before the bath.
860	than	SCONJ	used to compare two things	This box is bigger than that one.
861	thank	VERB	to tell someone that you are grateful	Thank your friend for the present.
862	that	PRON	the thing or person over there, or already mentioned	That is the book we read yesterday.
863	the	DET	used before a noun when it is clear which one you mean	The child is playing with the ball.
864	then	ADV	after that; next	First we eat, then we play.
865	there	ADV	in or to that place	Put the box over there.
866	they	PRON	the people or things that have already been mentioned	They are singing together.
867	thick	ADJ	wide from one side to the other	This book is very thick.
868	thing	NOUN	an object, or anything that you do not need to name	What is that thing in the sand?
869	think	VERB	to have an opinion, or to use your mind	I think it's going to rain.
870	thirst	NOUN	the feeling that you need to drink	Water is the best drink for your thirst.
871	thirteen	NUM	the number 13	My cousin is thirteen years old.
872	thirty	NUM	the number 30	There are thirty days in September.
873	this	PRON	the thing here, or the thing being shown	This is my favourite song.
874	though	ADV	however (at the end of a sentence)	It was a cold day; it was sunny, though.
875	thousand	NUM	the number 1,000	A thousand stars filled the sky.
876	three	NUM	the number 3	She is holding three crayons.
877	throat	NOUN	the inside of your neck, where food goes down	I have a sore throat.
878	through	ADP	from one side to the other side of something	We walked through the forest.
879	throw	VERB	to send something through the air with your hand	Throw the ball to me!
880	thursday	NOUN	the day of the week after Wednesday	On Thursday we go to the swimming pool.
881	tie	VERB	to fasten something with a knot	Can you tie your shoelaces?
882	tight	ADJ	fitting very closely, sometimes too closely	These shoes are too tight.
883	till	SCONJ	until	Wait till the music stops, then freeze!
884	time	NOUN	what is measured in hours and minutes	What time is it?
885	tire	VERB	to make someone feel tired	Long walks tire the little ones.
886	to	ADP	in the direction of	We are going to the garden.
887	today	NOUN	this day	Today is a good day for a picnic.
888	together	ADV	with each other	We built the tower together.
889	tomorrow	NOUN	the day after today	Tomorrow is another day.
890	tonight	ADV	during this evening or night	We can see the moon tonight.
891	too	ADV	more than is good or needed	This soup is too hot.
892	tooth	NOUN	one of the hard white things in your mouth that you bite with	My little brother has a new tooth.
893	top	NOUN	the highest part of something	The cat is on top of the wardrobe.
894	total	ADJ	including everything	The total cost of the trip is twenty euros.
895	touch	VERB	to put your hand or fingers on something	Touch your toes!
896	toward	ADP	in the direction of	He walked slowly toward the door.
897	town	NOUN	a place with houses and shops, smaller than a city	Our town has a big square with a fountain.
898	track	NOUN	a narrow path or a rough road	We followed the track through the forest.
899	train	VERB	to teach a person or an animal a skill	She is training her dog to sit.
900	travel	VERB	to go from one place to another, often far away	We love to travel by train.
901	treat	VERB	to behave towards someone in a particular way	Treat your friends kindly.
902	tree	NOUN	a tall plant with a trunk, branches and leaves	A squirrel lives in that tree.
903	trip	NOUN	a journey to a place and back again	We went on a school trip to the farm.
904	trouble	NOUN	a problem or a difficulty	We had trouble finding the house.
905	true	ADJ	right and correct; not invented	Is it true that octopuses have three hearts?
906	trust	VERB	to believe that someone is honest and will not hurt you	You can trust me.
907	truth	NOUN	what is true	Always tell the truth.
908	try	VERB	to make an effort to do something	Try again, you can do it!
909	tuesday	NOUN	the day of the week after Monday	On Tuesday we paint in class.
910	turn	VERB	to move in a different direction	Turn left at the bakery.
911	twelve	NUM	the number 12	There are twelve eggs in the box.
912	twenty	NUM	the number 20	There are twenty children in my class.
913	two	NUM	the number 2	I have two hands and two feet.
914	type	NOUN	a kind or sort	What type of tree is this?
915	ugly	ADJ	not nice to look at	The ugly duckling became a beautiful swan.
916	uncle	NOUN	the brother of your father or mother	My uncle has a boat.
917	under	ADP	below something	The cat is sleeping under the table.
918	underneath	ADV	under something	Lift the stone and look underneath.
919	understand	VERB	to know what something means	Do you understand the question?
920	unless	SCONJ	except if	We go outside unless it is raining.
921	until	SCONJ	up to the time when	Wait until everyone is sitting down.
922	up	ADV	towards a higher place	Look up at the sky!
923	upon	ADP	on (a more formal word)	The cat jumped upon the table.
924	use	VERB	to do something with a thing for a purpose	Use a pencil, not a pen.
925	usual	ADJ	normal; happening most of the time	We met at the usual place.
926	van	NOUN	a vehicle for carrying goods, bigger than a car	The delivery van stopped outside our house.
927	very	ADV	used to make a word stronger	Thank you, that was very kind.
928	video	NOUN	a recording of moving pictures and sound	We watched a video about volcanoes.
929	view	NOUN	what you can see from a place	There is a beautiful view of the sea from here.
930	visit	VERB	to go to see a person or a place	Let's visit the museum tomorrow.
931	voice	NOUN	the sound you make when you speak or sing	She has a lovely singing voice.
932	wait	VERB	to stay in a place until something happens	Wait for me!
933	wake	VERB	to stop sleeping	Wake up, it's morning!
934	walk	VERB	to move on your feet at a normal speed	We walk the dog every evening.
935	wall	NOUN	one of the sides of a room or a building	We painted a big sun on the wall.
936	want	VERB	to wish to have or do something	Do you want some water?
937	war	NOUN	fighting between countries or groups that goes on for a long time	Many people work for peace so that there is no war.
938	warm	ADJ	a little hot, in a pleasant way	Put on a warm jumper.
939	wash	VERB	to clean something with water	Wash the apples before you eat them.
940	waste	VERB	to use more of something than you need	Don't waste water: turn off the tap.
941	watch	VERB	to look at something for some time	Watch the birds in the garden.
942	water	NOUN	the clear liquid in rain, rivers and the sea, that we drink	Drink a glass of water.
943	wave	NOUN	a line of water that moves across the sea	The waves crash against the rocks.
944	way	NOUN	the road or path to a place	This is the way to the beach.
945	we	PRON	the person speaking and other people	We are ready to begin.
946	wear	VERB	to have clothes on your body	Wear your boots: it's muddy.
947	weather	NOUN	how hot, cold, sunny or rainy it is	What's the weather like today?
948	web	NOUN	a net of thin threads made by a spider	A spider is spinning a web in the corner.
949	wed	VERB	to marry (a literary word)	The prince and the princess will wed in the spring.
950	wednesday	NOUN	the day of the week after Tuesday	On Wednesday we have music.
951	week	NOUN	a period of seven days	Next week we are going to the farm.
952	weight	NOUN	how heavy someone or something is	What is the weight of this pumpkin?
953	well	ADV	in a good way	You did that very well!
954	west	NOUN	the direction where the sun goes down	The sun sets in the west.
955	wet	ADJ	covered with water	My socks are wet.
956	what	PRON	used to ask about a thing	What can you see in this picture?
957	wheel	NOUN	a round object that turns, used to make vehicles move	A bicycle has two wheels.
958	when	SCONJ	at the time that	Clap your hands when you hear the drum.
959	where	ADV	in or to what place	Where did you put your shoes?
960	whether	SCONJ	if (used when there are two possibilities)	Ask whether she wants to join us.
961	which	PRON	used to ask about one of a group of things	Which colour do you like best?
962	while	NOUN	a period of time	Wait here for a while.
963	white	ADJ	having the colour of snow or milk	Clouds are white and fluffy.
964	who	PRON	used to ask about a person	Who is sitting next to you?
965	whole	ADJ	all of something	He ate the whole pizza!
966	why	ADV	for what reason	Why are you laughing?
967	wide	ADJ	large from one side to the other	The river is very wide here.
968	wife	NOUN	the woman someone is married to	His wife is a doctor.
969	wild	ADJ	living in nature, not kept by people	Wild animals live in the forest.
970	will	AUX	used to talk about the future	I will read it again tomorrow.
971	win	VERB	to be the best or first in a game or a competition	Who will win the race?
972	wind	NOUN	air that moves	The wind is blowing the leaves.
973	window	NOUN	an opening in a wall, with glass, to let in light	Look out of the window.
974	wine	NOUN	a drink for adults made from grapes	The grapes from this vineyard are used to make wine.
975	winter	NOUN	the coldest season of the year	It snows in winter in the mountains.
976	wish	VERB	to want something that is not likely to happen	I wish I could fly like a bird.
977	with	ADP	together with; using	Paint with your fingers, not with a brush.
978	within	ADP	inside a period of time or an area	The bus will arrive within ten minutes.
979	without	ADP	not having or not using	She walked without making a sound.
980	woman	NOUN	an adult female person	The woman at the library helped us find a book.
981	wonder	VERB	to want to know something	I wonder what's inside the box.
982	wood	NOUN	the hard material that trees are made of	The table is made of wood.
983	word	NOUN	a group of letters that has a meaning	Can you spell this word?
984	work	VERB	to do a job	My parents work in the city.
985	world	NOUN	the Earth and everyone and everything on it	There are many languages in the world.
986	worry	VERB	to keep thinking about problems or things that could go wrong	Don't worry, everything will be fine.
987	worse	ADJ	more bad	The weather is worse today than yesterday.
988	worth	ADJ	having a particular value	This old coin is worth a lot of money.
989	would	AUX	used to ask politely, or to talk about something imagined	Would you like to hear it again?
990	write	VERB	to make letters or words on paper	Can you write the letter A?
991	wrong	ADJ	not correct	Oops, I took the wrong bus!
992	yard	NOUN	a unit for measuring length, about 91 centimetres	The ball landed a few yards away.
993	year	NOUN	a period of twelve months	There are twelve months in a year.
994	yellow	ADJ	having the colour of lemons or the sun	Bananas are yellow.
995	yes	INTJ	a word you use to agree or to say that something is true	Yes, I would love to come!
996	yesterday	NOUN	the day before today	Yesterday we went to the aquarium.
997	yet	ADV	until now (in questions and negatives)	Have you finished your lunch yet?
998	you	PRON	the person or people you are speaking to	You can try it one more time.
999	young	ADJ	not old; in the early part of life	Young children need a lot of sleep.
1000	zero	NUM	the number 0	Three, two, one, zero: blast off!
1001	accent	NOUN	the way people from a particular place pronounce words	Our neighbour speaks Spanish with a French accent.
1002	access	NOUN	the right or the way to enter a place or to use something	All the children have access to the library.
1003	accident	NOUN	something bad that happens by chance	Don't worry, it was an accident.
1004	according	ADP	as said by someone or something (according to)	According to the map, the beach is this way.
1005	account	NOUN	a description of something that happened	She gave a funny account of her trip.
1006	accuse	VERB	to say that someone has done something wrong	Don't accuse him without proof.
1007	ace	NOUN	a playing card with a single symbol on it	She has the ace of hearts in her hand.
1008	active	ADJ	always busy doing things	Our dog is very active and loves to run.
1009	adapt	VERB	to change to suit a new situation	Animals adapt to the cold in winter.
1010	admire	VERB	to look at something with pleasure, or to respect someone	We admire the colourful kites in the sky.
1011	adult	NOUN	a person who is fully grown	Children must be with an adult at the pool.
1012	advance	VERB	to move forward	The tortoise advanced slowly across the grass.
1013	advantage	NOUN	something that helps you to be better or more successful	Being tall is an advantage in basketball.
1014	adventure	NOUN	an exciting experience, often a little dangerous	We went on an adventure in the forest.
1015	advice	NOUN	an opinion about what someone should do	Can you give me some advice?
1016	advise	VERB	to tell someone what you think they should do	The doctor advised him to rest.
1017	affair	NOUN	an event or a situation	The party was a lovely family affair.
1018	affect	VERB	to cause a change in someone or something	Cold weather affects the plants.
1019	agent	NOUN	a person whose job is to act or arrange things for other people	The travel agent booked our holiday.
1020	aid	VERB	to help	Pictures aid children's understanding of the story.
1021	alarm	NOUN	a device that makes a loud noise to warn people	The fire alarm rang during the practice.
1022	alcohol	NOUN	a substance used to clean the skin, also found in some drinks for adults	The nurse cleaned the cut with alcohol.
1023	alive	ADJ	living, still breathing or growing	The fish is still alive.
1024	alter	VERB	to change something	The tailor can alter your trousers.
1025	altogether	ADV	in total	There are ten children altogether.
1026	amuse	VERB	to make someone laugh or smile	The puppet show will amuse the children.
1027	angel	NOUN	in some religions, a spirit with wings who serves God	She dressed up as an angel for the play.
1028	anger	NOUN	the strong feeling you have when something is wrong or unfair	Breathe slowly when you feel anger.
1029	announce	VERB	to tell people something officially	The teacher will announce the winner.
1030	annoy	VERB	to make someone a little angry	Don't annoy your sister.
1031	anxious	ADJ	worried and nervous	She felt anxious before the show.
1032	apartment	NOUN	a set of rooms for living in, on one floor of a building	We live in an apartment on the third floor.
1033	appeal	NOUN	a request for help or money	The school made an appeal for old books.
1034	apple	NOUN	a round fruit with red, green or yellow skin	An apple a day keeps the doctor away.
1035	apply	VERB	to ask officially for something, often in writing	You can apply for a library card online.
1036	appoint	VERB	to choose someone for a job	The school appointed a new head teacher.
1037	appreciate	VERB	to be grateful for something	We appreciate your help.
1038	approach	VERB	to come near to someone or something	Approach the horse slowly.
1039	april	NOUN	the fourth month of the year	My birthday is in April.
1040	argue	VERB	to talk angrily with someone because you do not agree	The twins argue about who goes first.
1041	army	NOUN	the soldiers of a country who fight on land	Her grandfather was a cook in the army.
1042	arrest	VERB	to take someone to a police station because they may have broken the law	Police officers can arrest people who break the law.
1043	article	NOUN	a piece of writing in a newspaper or a magazine	I read an article about whales in the newspaper.
1044	aside	ADV	to one side	Put your toys aside and come to the table.
1045	asleep	ADJ	sleeping	The baby is fast asleep.
1046	assist	VERB	to help	The older children assist the younger ones.
1047	associate	VERB	to connect two things in your mind	We associate summer with the beach.
1048	assume	VERB	to think that something is true without being sure	I assume you're coming to the party.
1049	assure	VERB	to tell someone that something is true so that they do not worry	I assure you, the water is warm.
1050	atmosphere	NOUN	the feeling that a place or a situation gives you	There was a happy atmosphere at the party.
1051	attach	VERB	to fix one thing to another	Attach the label to your bag.
1052	attack	VERB	to try to hurt or damage someone or something	Some ants attack insects much bigger than themselves.
1053	attempt	VERB	to try to do something difficult	She attempted to jump over the puddle.
1054	attend	VERB	to go to an event or a place regularly	All the children attend the morning assembly.
1055	attention	NOUN	the act of listening, looking or thinking carefully	Pay attention to the story.
1056	attitude	NOUN	what you think and feel about something	She has a positive attitude.
1057	attract	VERB	to make someone or something come near	Flowers attract bees.
1058	august	NOUN	the eighth month of the year	In August we go to the beach.
1059	automatic	ADJ	working by itself, without a person controlling it	The doors at the supermarket are automatic.
1060	available	ADJ	ready to be used or got	The new books are available in the library.
1061	average	ADJ	ordinary; not special	It was an average day at school.
1062	avoid	VERB	to keep away from something	Avoid the puddles!
1063	awake	ADJ	not sleeping	Are you still awake?
1064	awkward	ADJ	difficult to use, carry or do	This box is awkward to carry.
1065	background	NOUN	the part of a picture that is behind the main things	Paint the sky in the background.
1066	bacon	NOUN	salted or smoked meat from the back or sides of a pig	Grandpa had bacon and eggs for breakfast.
1067	bake	VERB	to cook something in an oven	Let's bake some biscuits.
1068	balance	NOUN	the ability to stay steady without falling	Stand on one leg and keep your balance.
1069	banana	NOUN	a long curved fruit with a yellow skin	The monkey is eating a banana.
1070	band	NOUN	a group of musicians who play together	A band played music in the square.
1071	bang	VERB	to hit something hard and make a loud noise	Don't bang the door!
1072	bare	ADJ	not covered by clothes or shoes	We walked on the sand with bare feet.
1073	bark	NOUN	the hard outer covering of a tree	Beetles live under the bark of old trees.
1074	basis	NOUN	the way something is regularly done (on a daily basis)	We read stories on a daily basis.
1075	basket	NOUN	a container made of thin strips of wood or plastic, with a handle	Put the eggs in the basket.
1076	bat	NOUN	a small animal like a mouse with wings, that flies at night	A bat hangs upside down when it sleeps.
1077	battery	NOUN	a small object that gives electricity to toys, torches and phones	The torch needs a new battery.
1078	battle	NOUN	a long struggle to achieve something	Getting the toddler into his coat was a daily battle.
1079	bay	NOUN	a part of the coast where the land curves inwards	We swam in the calm water of the bay.
1080	bean	NOUN	a seed, or a long thin green pod, that you can eat	We planted a bean in a pot.
1081	bee	NOUN	a flying insect that makes honey	The bee is collecting pollen.
1082	beef	NOUN	meat from a cow	We had beef stew for dinner.
1083	beer	NOUN	a drink for adults made from grain	Beer is made from grain, water and hops.
1084	beg	VERB	to ask for something in a way that shows you want it very much	The dog begs for food at the table.
1085	bell	NOUN	a metal object that rings when you hit or shake it	There is a little bell on the cat's collar.
1086	belong	VERB	to be the property of someone	This book belongs to the library.
1087	belt	NOUN	a strip of material that you wear around your waist, or in a car seat	Put on your seat belt.
1088	bend	VERB	to make your body or something else curved	Bend your knees and jump!
1089	benefit	NOUN	something good that helps you	Exercise has many benefits for your health.
1090	bike	NOUN	a bicycle	I ride my bike to the park.
1091	bin	NOUN	a container for rubbish	Throw the paper in the recycling bin.
1092	bind	VERB	to tie things together	Bind the sticks together with string.
1093	biscuit	NOUN	a small, flat, dry cake, usually sweet	Would you like a biscuit with your milk?
1094	bite	VERB	to cut or hold something with your teeth	Our dog doesn't bite.
1095	bitter	ADJ	having a strong, sharp taste that is not sweet	Dark chocolate tastes a little bitter.
1096	blame	VERB	to say that someone is responsible for something bad	Don't blame your brother; it was an accident.
1097	blank	ADJ	with nothing written or drawn on it	Draw on a blank sheet of paper.
1098	blanket	NOUN	a large warm cover for a bed	Wrap the baby in a warm blanket.
1099	bleed	VERB	to have red liquid coming out of a cut in your body	Your knee is bleeding a little; let's clean it.
1100	bless	VERB	to ask God to protect someone; people say bless you when someone sneezes	When you sneeze, we say: bless you!
1101	blind	ADJ	not able to see	The blind man walks with a white cane.
1102	block	NOUN	a solid piece of something with flat sides	The children built a tower with wooden blocks.
1103	blonde	ADJ	having pale yellow hair	She has long blonde hair.
1104	bloom	VERB	to open its flowers	The cherry tree blooms in spring.
1105	boil	VERB	to heat a liquid until it bubbles	Boil the water for the pasta.
1106	bomb	NOUN	an object that bursts or explodes; a bath bomb fizzes in water	The bath bomb fizzed in the warm water.
1107	bond	NOUN	a close connection or feeling between people	There is a strong bond between the twins.
1108	boom	VERB	to make a deep loud sound	The thunder boomed over the hills.
1109	boot	NOUN	a shoe that covers your foot and the lower part of your leg	Put on your rain boots.
1110	borrow	VERB	to take something that you will give back later	Can I borrow your pencil?
1111	boss	NOUN	the person who is in charge of other workers	Her boss gave her a day off.
1112	bounce	VERB	to move up again after hitting the ground	Bounce the ball three times.
1113	bow	VERB	to bend your head or body forward to say thank you or hello	The actors bowed at the end of the show.
1114	bowl	NOUN	a round deep dish for food	Pour the cereal into a bowl.
1115	brain	NOUN	the organ inside your head that you think with	Your brain helps you think and remember.
1116	brake	NOUN	the part of a vehicle that makes it slow down or stop	Use the brake to stop the bike.
1117	branch	NOUN	a part of a tree that grows out from the trunk	A bird is sitting on the branch.
1118	brand	NOUN	the name of a product made by a particular company	This brand of yoghurt has less sugar.
1119	brave	ADJ	not afraid to do something difficult or dangerous	The brave little mouse helped the lion.
1121	breathe	VERB	to take air into your body and let it out again	Breathe in through your nose.
1122	breed	VERB	to keep animals so that they have young ones	The farmer breeds sheep for their wool.
1123	brick	NOUN	a small block of baked clay used for building walls	The wall is made of red bricks.
1124	bridge	NOUN	a structure that goes over a river or a road	The bridge goes over the river.
1125	brief	ADJ	short	We had a brief chat at the door.
1126	brilliant	ADJ	extremely good	What a brilliant idea!
1127	broad	ADJ	wide	He has broad shoulders.
1128	brush	VERB	to clean or tidy something with a brush	Brush your teeth twice a day.
1129	buck	NOUN	a male deer or rabbit	The buck has big antlers.
1130	bucket	NOUN	a round open container with a handle, for carrying water or sand	We carried water in a bucket.
1131	bug	NOUN	a small insect	There is a little bug on the leaf.
1132	bump	VERB	to hit something by accident	Be careful not to bump your head.
1133	bunch	NOUN	a number of things of the same kind held or growing together	She picked a bunch of flowers.
1134	burst	VERB	to break open suddenly	The bubble burst on my nose.
1135	bury	VERB	to put something in the ground and cover it	Dogs like to bury their bones.
1136	butter	NOUN	a soft yellow food made from cream	Spread some butter on the toast.
1137	button	NOUN	a small round thing that fastens clothes	Can you do up your buttons?
1138	cable	NOUN	a thick wire that carries electricity or signals	Don't pull the cable of the lamp.
1139	cage	NOUN	a box made of bars, for keeping birds or animals	The bird sings in its cage.
1140	calculate	VERB	to find an amount using numbers	Let's calculate how many apples we need.
1141	calm	ADJ	quiet and peaceful; not worried	Take a deep breath and stay calm.
1142	camera	NOUN	a device for taking photographs or making videos	Smile at the camera!
1143	canoe	NOUN	a light narrow boat that you move with a paddle	We paddled a canoe on the river.
1144	cans	NOUN	metal containers for food or drink	We recycle the empty cans.
1145	cap	NOUN	a soft hat with a hard curved part at the front	He put his cap on backwards.
1146	capable	ADJ	able to do something	She is capable of dressing herself.
1147	cape	NOUN	a piece of land that goes out into the sea	We saw the lighthouse on the cape.
1148	capital	NOUN	the city where the government of a country is	Madrid is the capital of Spain.
1149	captain	NOUN	the person in charge of a ship or a team	The captain steered the ship into the harbour.
1150	career	NOUN	the jobs you do during your working life	She had a long career as a nurse.
1151	carpet	NOUN	a thick soft covering for a floor	The children sit on the carpet for the story.
1152	carrot	NOUN	a long orange vegetable that grows under the ground	Rabbits love carrots.
1153	cart	NOUN	a vehicle with wheels that is pulled by a horse or pushed	The horse pulled the cart up the hill.
1154	cash	NOUN	money in coins and notes	Do you pay in cash or by card?
1155	cast	VERB	to throw something, such as a shadow or a fishing line	The tree casts a long shadow in the evening.
1156	castle	NOUN	a large strong building with high walls and towers	The old castle has four towers.
1157	casual	ADJ	relaxed and not formal	Wear casual clothes for the trip.
1158	ceiling	NOUN	the top surface inside a room	There is a lamp on the ceiling.
1159	cent	NOUN	a small coin; there are 100 cents in a euro	This sweet costs fifty cents.
1160	centimetre	NOUN	a unit for measuring length; there are 100 in a metre	This worm is ten centimetres long.
1161	century	NOUN	a period of one hundred years	The house was built in the last century.
1162	chain	NOUN	a line of metal rings joined together	The bike chain came off.
1163	challenge	VERB	to invite someone to compete against you	I challenge you to a race!
1164	champion	NOUN	the winner of a competition	She is the school chess champion.
1165	channel	NOUN	a television station	What's on the other channel?
1166	chapter	NOUN	one of the parts of a book	Let's read one more chapter.
1167	character	NOUN	a person or an animal in a story	Who is your favourite character in the story?
1168	charm	NOUN	a quality that makes people like someone or something	The old village is full of charm.
1169	chase	VERB	to run after someone or something to catch them	The dog likes to chase its tail.
1170	chat	VERB	to talk in a friendly way	The parents chat at the school gate.
1171	cheat	VERB	to break the rules to win	It's not fair to cheat in a game.
1172	cheek	NOUN	one of the two soft parts of the face below the eyes	Grandma kissed me on the cheek.
1173	cheer	NOUN	a shout of joy or support	The children gave a big cheer when the bus arrived.
1174	cheese	NOUN	a solid food made from milk	The mouse in the story loves cheese.
1175	chest	NOUN	the front part of the body between the neck and the stomach	Cross your arms over your chest.
1176	chew	VERB	to break food with your teeth before you swallow it	Chew your food slowly.
1177	chief	ADJ	most important	Safety is our chief concern.
1178	chocolate	NOUN	a sweet brown food made from cocoa beans	Hot chocolate is perfect on a cold day.
1179	chop	VERB	to cut something into pieces	Chop the carrots into small pieces.
1180	cigarette	NOUN	a thin paper tube with dried leaves inside, that people smoke	Cigarette smoke is bad for children's lungs.
1181	circle	NOUN	a round shape, like a ring	Sit in a circle on the rug.
1182	circumstance	NOUN	a fact or condition that affects a situation	In these circumstances, we will stay inside.
1183	citizen	NOUN	a person who belongs to a country or a city	Every adult citizen can vote in the elections.
1184	claim	VERB	to say that something is true	He claimed that he saw a dragon.
1185	classic	ADJ	very good and popular for a long time	Snow White is a classic fairy tale.
1186	clever	ADJ	good at learning and understanding things	The clever crow used a stick to get the food.
1187	cliff	NOUN	a high, steep wall of rock, often by the sea	Seagulls nest on the cliff.
1188	clip	NOUN	a small metal or plastic object that holds things together	Use a clip to keep the papers together.
1189	cloth	NOUN	material made from cotton, wool or other threads	Wipe the table with a damp cloth.
1190	cloud	NOUN	a white or grey mass of tiny drops of water in the sky	A dark cloud covered the sun.
1191	clue	NOUN	something that helps you find the answer	Here's a clue: it's yellow and long.
1192	coach	NOUN	a person who trains a sports team or a player	The coach blew the whistle.
1193	coal	NOUN	a hard black substance that is burned to make heat	Coal is black and burns slowly.
1194	coast	NOUN	the land next to the sea	We drove along the coast.
1195	combine	VERB	to mix or join things together	Combine the flour and the eggs.
1196	command	NOUN	an order to do something	The dog understands simple commands.
1197	comment	NOUN	something that you say or write to give your opinion	The teacher wrote a nice comment on my drawing.
1198	commerce	NOUN	the activity of buying and selling	The port is important for commerce in the city.
1199	commit	VERB	to promise to give your time or effort to something	The volunteers commit two hours a week to the library.
1200	committee	NOUN	a group of people chosen to make decisions about something	The parents' committee organised the party.
1201	common	ADJ	happening often, or found in many places	It's a common mistake.
1202	community	NOUN	the people who live in the same area	Our school is part of the local community.
1203	compare	VERB	to look at things to see how they are the same or different	Compare the two leaves: which one is bigger?
1204	competition	NOUN	an event in which people try to win	She won a drawing competition.
1205	complain	VERB	to say that you are not happy about something	The neighbours complained about the noise.
1206	complicate	VERB	to make something more difficult	Don't complicate the rules of the game.
1207	concentrate	VERB	to give all your attention to something	Close the door so we can concentrate.
1208	condition	NOUN	the state that something is in	The bike is in good condition.
1209	confuse	VERB	to make someone unsure or unable to understand	Words that sound alike can confuse children.
1210	connect	VERB	to join two or more things together	Connect the dots to make a picture.
1211	conscious	ADJ	aware of something	She was conscious of the cold wind on her face.
1212	constant	ADJ	happening all the time	The constant noise of the traffic made it hard to sleep.
1213	contact	NOUN	communication with someone	Keep in contact with your friends during the holidays.
1214	contain	VERB	to have something inside	This box contains our art materials.
1215	contract	NOUN	a written agreement between people or companies	The builder signed a contract to fix the school roof.
1216	contribute	VERB	to give something, such as ideas or money, to help	Everyone can contribute an idea.
1217	convince	VERB	to make someone believe or agree with something	She convinced her dad to buy a kite.
1218	cop	NOUN	a police officer (informal)	The cop helped the lost child find her mum.
1219	cope	VERB	to deal with a difficult situation	Children cope well with change when adults are calm.
1220	copy	NOUN	something made to look exactly like something else	Make a copy of the drawing for grandma.
1221	correct	VERB	to make something right	The teacher helps us correct our mistakes.
1222	cottage	NOUN	a small house, usually in the country	We stayed in a little cottage near the sea.
1223	cotton	NOUN	a soft cloth made from the fibres of a plant	This T-shirt is made of cotton.
1224	cough	VERB	to push air out of your throat with a sudden noise	Cover your mouth when you cough.
1225	council	NOUN	a group of people chosen to make decisions for a town or a city	The town council built a new playground.
1226	counter	NOUN	a long flat surface in a shop or a kitchen	Put the bread on the kitchen counter.
1227	county	NOUN	an area of a country with its own local government	The county has many farms and forests.
1228	cousin	NOUN	the child of your aunt or uncle	My cousin is coming to stay.
1229	cow	NOUN	a large farm animal that gives milk	The cow gives us milk.
1230	crack	VERB	to break without dividing into separate pieces	The ice cracked under our feet.
1231	crash	VERB	to hit something hard and noisily	The toy cars crash into each other.
1232	crawl	VERB	to move on your hands and knees	The baby is learning to crawl.
1233	cream	NOUN	the thick yellowish-white part of milk	Strawberries with cream are delicious.
1234	create	VERB	to make something new	Let's create a mask with paper plates.
1235	creature	NOUN	any living animal	A starfish is a strange sea creature.
1236	credit	NOUN	praise for something you have done	She deserves credit for her hard work.
1237	creep	VERB	to move slowly and quietly	The cat creeps quietly towards the bird.
1238	criminal	NOUN	a person who has broken the law	The detective in the story catches the criminal.
1239	crisp	ADJ	firm and fresh, making a pleasant sound when you bite it	This apple is crisp and juicy.
1240	crowd	NOUN	a large group of people in one place	A big crowd watched the parade.
1241	crown	NOUN	a round gold object that a king or a queen wears on the head	The queen's crown sparkled in the light.
1242	cruel	ADJ	causing pain or suffering on purpose	It is cruel to pull a cat's tail.
1243	culture	NOUN	the customs, art and way of life of a group of people	Music and food are part of our culture.
1244	cure	VERB	to make an ill person or animal healthy again	The vet cured our cat's eye infection.
1245	curious	ADJ	wanting to know about something	Children are curious about everything.
1246	curl	VERB	to make a round or curved shape	The cat curls up on the sofa.
1247	current	NOUN	a flow of water or air in one direction	The current in the river is strong today.
1248	customer	NOUN	a person who buys something in a shop	The baker smiles at every customer.
1249	damage	NOUN	harm that makes something broken or worse	The storm caused damage to the roof.
1250	dare	VERB	to be brave enough to do something	I don't dare to climb that high.
1251	dawn	NOUN	the time early in the morning when the sky starts to get light	The birds start singing at dawn.
1252	debt	NOUN	money that you owe to someone	They paid back all their debt.
1253	december	NOUN	the twelfth month of the year	Christmas is in December.
1254	decent	ADJ	good enough	We need a decent umbrella for this rain.
1255	decision	NOUN	a choice that you make	It was a hard decision.
1256	deck	NOUN	the outside floor of a ship	We stood on the deck of the ship and watched the dolphins.
1257	decorate	VERB	to make something look nicer by adding things to it	Let's decorate the classroom for the party.
1258	defence	NOUN	protection against attack or harm	A shell is a snail's defence against birds.
1259	delight	NOUN	great happiness	The children shouted with delight.
1260	deliver	VERB	to take letters or goods to a place	The postman delivers letters every morning.
1261	demand	VERB	to ask for something strongly	The baby demands attention when she is hungry.
1262	deny	VERB	to say that something is not true	Don't deny it: you ate the cake!
1263	department	NOUN	a part of a large shop or organisation	The toy department is on the second floor.
1264	depress	VERB	to make someone feel sad	Grey rainy days depress some people.
1265	describe	VERB	to say what someone or something is like	Describe your favourite animal.
1266	desert	NOUN	a large dry area with very little rain, often covered with sand	Camels can live in the desert.
1267	deserve	VERB	to have earned something because of what you have done	You deserve a rest after all that work.
1268	design	VERB	to plan how something will look or work	Let's design our own flag.
1269	desire	NOUN	a strong wish	She has a strong desire to learn the piano.
1270	desk	NOUN	a table for writing or working at	The teacher's desk is by the window.
1271	desperate	ADJ	needing something very much	The thirsty dog was desperate for water.
1272	destroy	VERB	to damage something so badly that it is gone	The storm destroyed the sandcastle.
1273	detail	NOUN	a small fact or part of something	Look at the details in the picture.
1274	detect	VERB	to notice or discover something	Dogs can detect smells that we can't notice.
1275	determine	VERB	to decide or to find out something	The weather will determine where we go.
1276	develop	VERB	to grow or change into something bigger or better	Babies develop very quickly.
1277	diet	NOUN	the food that you usually eat	Fruit is an important part of a healthy diet.
1278	dine	VERB	to eat dinner	We dine together on Sundays.
1279	direct	VERB	to be in charge of a group or an activity	She directs the school choir.
1280	directed	ADJ	organised and guided by someone	Story time is a directed activity led by the teacher.
1281	direction	NOUN	the way that someone or something is going or pointing	Which direction is the beach?
1282	disappear	VERB	to go away so that it cannot be seen	The sun disappeared behind a cloud.
1283	disappoint	VERB	to make someone sad because something is not as good as expected	I'm sorry to disappoint you, but the shop is closed.
1284	discipline	NOUN	a subject of study	Biology is the discipline that studies living things.
1285	discuss	VERB	to talk about something with other people	Let's discuss our plan for the trip.
1286	disease	NOUN	an illness	Washing your hands helps to stop disease.
1287	disgust	VERB	to make someone feel that something is very unpleasant	The smell of rotten eggs disgusts me.
1288	dish	NOUN	a plate or a bowl for food	Put the dirty dishes in the sink.
1289	distance	NOUN	the amount of space between two places	We could see the lighthouse in the distance.
1290	district	NOUN	an area of a town or a country	We live in a quiet district of the city.
1291	disturb	VERB	to interrupt someone who is doing something	Please don't disturb the baby while she sleeps.
1292	dive	NOUN	a jump into water with your head and arms first	She did a perfect dive into the pool.
1293	divide	VERB	to separate something into parts	Divide the cake into eight pieces.
1294	divorce	NOUN	the legal end of a marriage	After the divorce, the children lived in two homes.
1295	doll	NOUN	a toy that looks like a small person	She put her doll to bed.
1296	dollar	NOUN	the money used in the United States and some other countries	The book costs five dollars.
1297	dozen	NOUN	a group of twelve	Buy a dozen eggs, please.
1298	drag	VERB	to pull something along the ground	Don't drag your bag on the floor.
1299	dragon	NOUN	a large animal in stories, with wings, that breathes fire	The dragon in the story breathes fire.
1300	drama	NOUN	a play acted in a theatre, or the activity of acting	We are doing a drama about the sea.
1301	drawer	NOUN	a box in a piece of furniture that slides in and out	The spoons are in the top drawer.
1302	drum	NOUN	a musical instrument that you hit with sticks or your hands	Play the drum softly.
1303	duck	VERB	to lower your head or body quickly to avoid something	Duck! The ball is coming!
1304	due	ADJ	expected to happen or arrive at a particular time	The baby is due in March.
1305	dump	VERB	to throw something away carelessly	Don't dump rubbish on the beach.
1306	dust	NOUN	very small pieces of dirt that look like powder	There is dust on the shelf.
1307	duty	NOUN	something that you must do	It's my duty to water the plants this week.
1308	earn	VERB	to get money for the work you do	She earns money by walking dogs.
1309	ease	VERB	to make something less painful or difficult	A warm bath can ease tired muscles.
1310	economy	NOUN	the system of money, work and trade in a country or an area	Tourism is important for the local economy.
1311	edit	VERB	to make changes to a text or a film to make it better	We can edit the video together.
1312	effect	NOUN	a change that something causes	The rain had a good effect on the garden.
1313	effort	NOUN	the physical or mental work you need to do something	Learning to swim takes effort.
1314	elder	NOUN	an older person, especially one who is respected	We should listen to our elders.
1315	elect	VERB	to choose someone by voting	The class will elect a new helper.
1316	electric	ADJ	working with electricity	The electric guitar is very loud.
1317	elephant	NOUN	a very large grey animal with big ears and a long trunk	The elephant uses its trunk to drink.
1318	email	NOUN	a message sent from one computer or phone to another	Mum sent an email to the teacher.
1319	embarrass	VERB	to make someone feel shy or uncomfortable	Don't embarrass me in front of my friends!
1320	emotion	NOUN	a strong feeling, such as love, joy or fear	Happiness and sadness are emotions.
1321	empire	NOUN	a group of countries ruled by one person or government	The Roman Empire built many roads in Europe.
1322	encourage	VERB	to give someone support and confidence to do something	We encourage the children to try new foods.
1323	enemy	NOUN	a person or an animal that is against another one	The fox is the rabbit's enemy.
1324	energy	NOUN	the power that makes things work or move	The sun gives us energy.
1325	engage	VERB	to interest someone and keep their attention	Good stories engage the children.
1326	engineer	NOUN	a person who designs machines, roads or bridges	The engineer designed a new bridge.
1327	enormous	ADJ	extremely large	There was an enormous cake at the party.
1328	entertain	VERB	to do something that people enjoy watching or listening to	The clown entertained the children.
1329	entire	ADJ	whole; complete	The entire class went to the zoo.
1330	envelope	NOUN	a paper cover for a letter	Put the letter in an envelope.
1331	environment	NOUN	the air, water and land where people, animals and plants live	We must protect the environment.
1332	equal	ADJ	the same in size, number or value	Cut the bread into two equal pieces.
1333	equipment	NOUN	the things you need for a particular activity	Put the sports equipment back in the cupboard.
1334	escape	VERB	to get away from a place	The hamster escaped from its cage.
1335	establish	VERB	to start a school, a company or an organisation	The school was established in 1980.
1336	estate	NOUN	a large area of land in the country, usually with a big house	The old estate has a beautiful garden.
1337	event	NOUN	something important that happens	The school concert is a big event.
1338	eventually	ADV	in the end, after some time	Eventually, the caterpillar became a butterfly.
1339	evidence	NOUN	facts or signs that show that something is true	The muddy footprints were evidence that the dog came in.
1340	evil	NOUN	something very bad or wicked	In fairy tales, good always wins over evil.
1341	exam	NOUN	an official test of what you know	My sister has a maths exam tomorrow.
1342	examine	VERB	to look at something carefully	The doctor examined my ears.
1343	example	NOUN	something that shows what other things of the same kind are like	Can you give me an example?
1344	excellent	ADJ	extremely good	Excellent work, everyone!
1345	exchange	NOUN	giving something to someone and receiving something from them	We had an exchange of postcards with a school in Ireland.
1346	exercise	NOUN	physical activity that keeps your body healthy	Exercise keeps your body strong.
1347	exhaust	VERB	to make someone very tired	The long walk exhausted the children.
1348	exist	VERB	to be real; to be alive	Dinosaurs don't exist any more.
1349	expense	NOUN	the money that you spend on something	A new roof is a big expense.
1350	expose	VERB	to leave something uncovered or unprotected	Don't expose your skin to the sun for too long.
1351	extend	VERB	to stretch out	Extend your arms to the sides.
1352	extreme	ADJ	very great or very strong	Penguins live in extreme cold.
1353	fail	VERB	to not succeed	If you fail, try again!
1354	faint	ADJ	not strong or clear; hard to see or hear	We heard a faint sound in the distance.
1355	fairy	NOUN	a very small magical person with wings, in stories	The fairy in the story has silver wings.
1356	faith	NOUN	strong trust in someone or something	We have faith that she will do well.
1357	familiar	ADJ	easy to recognise because you have seen or heard it before	Her face looks familiar.
1358	famous	ADJ	known by many people	The famous painter visited our school.
1359	fan	NOUN	a device that moves the air to make you cooler	Turn on the fan: it's hot!
1360	fancy	VERB	to want or like something (informal)	Do you fancy an ice cream?
1361	fantastic	ADJ	very good	We had a fantastic day at the beach.
1362	fascinate	VERB	to interest someone very much	Dinosaurs fascinate my little brother.
1363	fashion	NOUN	a style of clothes that is popular at a particular time	Big hats are in fashion this summer.
1364	fault	NOUN	responsibility for something bad that happened	It wasn't your fault.
1365	favour	NOUN	something kind that you do to help someone	Can you do me a favour?
1366	feather	NOUN	one of the soft light things that cover a bird's body	The bird dropped a blue feather.
1367	feature	NOUN	an important or interesting part of something	The garden's best feature is the old tree.
1368	february	NOUN	the second month of the year	February is the shortest month.
1369	female	NOUN	a woman, or an animal that can have babies or lay eggs	The female lays the eggs in the nest.
1370	fence	NOUN	a wall made of wood or wire around a field or a garden	The goat jumped over the fence.
1371	fetch	VERB	to go and get something and bring it back	Can you fetch the ball?
1372	file	VERB	to put papers in a particular place so that you can find them	File the papers in the folder.
1373	finance	VERB	to give the money that is needed for something	The council will finance the new park.
1374	firm	ADJ	solid and not soft	Choose a firm pear, not a soft one.
1375	flag	NOUN	a piece of cloth with a pattern that represents a country or a group	Wave the flag!
1376	flame	NOUN	the bright burning gas that you see in a fire	Blow out the flame of the candle.
1377	flash	VERB	to shine brightly for a moment	The lighthouse light flashes every few seconds.
1378	flight	NOUN	a journey in a plane	Our flight to London leaves at ten.
1379	flip	VERB	to turn something over quickly	Flip the pancake in the pan.
1380	float	VERB	to stay on top of a liquid	Leaves float on the water.
1381	flood	NOUN	a large amount of water covering land that is usually dry	After the storm, there was a flood in the village.
1382	flow	NOUN	the steady movement of a liquid	The flow of the river is fast in spring.
1383	fold	VERB	to bend something so that one part covers another	Fold your clothes and put them away.
1384	folk	NOUN	people	The old folk in the village tell wonderful stories.
1385	fool	NOUN	a person who does silly things	He played the fool to make the baby laugh.
1386	foreign	ADJ	from another country	My aunt speaks three foreign languages.
1387	forgive	VERB	to stop being angry with someone	Please forgive me.
1388	forth	ADV	forward (back and forth = backwards and forwards)	The swing moves back and forth.
1389	fortnight	NOUN	two weeks	We'll be on holiday for a fortnight.
1390	fortune	NOUN	chance or luck	By good fortune, we found the lost key.
1391	fox	NOUN	a wild animal like a dog, with red fur and a bushy tail	The fox has a bushy tail.
1392	frame	NOUN	a border around a picture or a mirror	Put the photo in a frame.
1393	frankly	ADV	honestly	Frankly, I don't like spinach.
1394	frog	NOUN	a small green animal that lives near water and jumps	The frog jumped into the pond.
1395	frost	NOUN	a thin white layer of ice on surfaces when it is very cold	There was frost on the grass this morning.
1396	fruit	NOUN	the part of a plant that has seeds and that you can often eat	Apples and pears are fruit.
1397	frustrate	VERB	to make someone feel annoyed because they cannot do something	The puzzle frustrated him, so he took a break.
1398	fry	VERB	to cook something in hot oil	Fry the onions until they are soft.
1399	fund	NOUN	an amount of money kept for a particular purpose	The school has a fund for new books.
1400	fur	NOUN	the thick soft hair that covers some animals	Polar bears have thick white fur.
1401	furniture	NOUN	things such as chairs, tables and beds	We moved the furniture to clean the floor.
1402	future	NOUN	the time that will come after now	In the future, I want to be a vet.
1403	gain	VERB	to get more of something	The puppy gained weight quickly.
1404	garage	NOUN	a building or room where a car or a bike is kept	Dad keeps his bike in the garage.
1405	gate	NOUN	a door in a fence or a wall	Close the gate so the dog doesn't run out.
1406	gather	VERB	to come or bring together in one place	Gather the children around the story mat.
1407	gay	ADJ	romantically attracted to people of the same gender	Our neighbours are a gay couple with two children.
1408	gear	NOUN	the equipment or clothes you need for an activity	Bring your swimming gear on Friday.
1409	generation	NOUN	all the people of about the same age in a family or a society	Three generations of the family live in the house.
1410	gentleman	NOUN	a polite word for a man	A kind gentleman held the door for us.
1411	ghost	NOUN	in stories, the spirit of a person that people say they can see	The children dressed up as ghosts.
1412	giant	NOUN	a very big and strong person in stories	The giant in the story lived on a cloud.
1413	gift	NOUN	something that you give to someone; a present	Thank you for the lovely gift.
1414	glory	NOUN	the honour and praise that people get for doing something great	The champions enjoyed their moment of glory.
1415	goal	NOUN	something that you hope to achieve	Her goal is to swim across the pool.
1416	golf	NOUN	a game in which players hit a small ball into holes with a club	Grandpa plays golf on Saturdays.
1417	gorgeous	ADJ	very beautiful	What a gorgeous sunset!
1418	grab	VERB	to take something quickly	Grab your coat, we're going out!
1419	grace	NOUN	a smooth and elegant way of moving	The swan glides across the lake with grace.
1420	grade	NOUN	a mark given for school work, or a level	She got a good grade in her music exam.
1421	grand	ADJ	large and impressive	The palace has a grand staircase.
1422	grant	VERB	to give someone what they ask for	The fairy granted her three wishes.
1423	grin	VERB	to smile widely	He grinned when he saw the cake.
1424	grocer	NOUN	a person who sells food and things for the house in a shop	The grocer sells fruit and vegetables.
1425	guarantee	VERB	to promise that something will happen	I can't guarantee it will be sunny.
1426	guard	NOUN	a person whose job is to protect a place or people	A guard stands at the castle gate.
1427	guest	NOUN	a person you invite to your home or to an event	We have guests for dinner tonight.
1428	guide	VERB	to show someone the way	The teacher will guide us through the museum.
1429	guilty	ADJ	feeling bad because you did something wrong	The dog looked guilty next to the broken vase.
1430	habit	NOUN	something that you do regularly, often without thinking	Brushing your teeth is a good habit.
1431	handy	ADJ	useful	A torch is handy when the lights go out.
1432	harm	NOUN	damage or injury	The sun can do harm to your skin.
1433	heap	NOUN	a large untidy pile of things	There is a heap of leaves in the garden.
1434	heaven	NOUN	in some religions, the place where God lives; also a wonderful feeling	Lying in the warm sand was heaven.
1435	hedge	NOUN	a row of bushes growing close together, like a wall	A bird built its nest in the hedge.
1436	height	NOUN	how tall or high someone or something is	Measure the height of the plant every week.
1437	hero	NOUN	a person who is admired for doing something brave or good	The firefighter was a hero.
1438	hesitate	VERB	to stop for a moment before doing or saying something	Don't hesitate to ask for help.
1439	hire	VERB	to pay to use something for a short time	We hired bikes for the afternoon.
1440	hobby	NOUN	something that you enjoy doing in your free time	My hobby is collecting shells.
1441	honey	NOUN	a sweet sticky food made by bees	Bees make honey.
1442	hook	VERB	to fasten or attach something with a hook	Hook the bag on the back of the door.
1443	hotel	NOUN	a building where people pay to sleep and eat when they travel	We stayed in a hotel by the sea.
1444	identify	VERB	to recognise and say who or what someone or something is	Can you identify this bird by its song?
1445	idiot	NOUN	a very stupid person (a rude word)	It's not kind to call someone an idiot.
1446	ignore	VERB	to pay no attention to someone or something	Don't ignore your little brother.
1447	ill	ADJ	not well; sick	She is ill, so she is staying in bed.
1448	illustrate	VERB	to draw pictures for a book or a story	The children illustrated the story with their drawings.
1449	image	NOUN	a picture, especially one on a screen or in your mind	The image on the screen was blurry.
1450	immediate	ADJ	happening now, without waiting	We need an immediate answer.
1451	impress	VERB	to make someone admire you	The magician impressed everyone with his tricks.
1452	improve	VERB	to get better, or to make something better	Your reading improves every day.
1453	inch	NOUN	a unit for measuring length, about 2.5 centimetres	The snail moved only an inch.
1454	include	VERB	to have something as one of its parts	The price includes breakfast.
1455	income	NOUN	the money that a person or a family receives	The family's income is not very high.
1456	increase	VERB	to become bigger in number or amount	The number of birds increases in spring.
1457	incredible	ADJ	amazing; very difficult to believe	The view from the top was incredible.
1458	indicate	VERB	to show or point to something	The arrow indicates the way out.
1459	individual	NOUN	one person	Every child is a unique individual.
1460	industry	NOUN	the businesses that make or produce a particular thing	Fishing is a big industry in Vigo.
1461	influence	NOUN	the power to change how someone thinks or acts	Parents have a big influence on their children.
1462	injure	VERB	to hurt a part of the body	Be careful not to injure yourself.
1463	innocent	ADJ	not guilty of doing something wrong	He was innocent: the cat broke the vase!
1464	insist	VERB	to say firmly that something must happen	Grandma insists that we eat more vegetables.
1465	inspect	VERB	to look at something carefully to check it	Inspect the bike before you ride it.
1466	instance	NOUN	an example (for instance = for example)	For instance, a cat is a mammal.
1467	instant	NOUN	a very short moment	For an instant, I thought I saw a whale.
1468	instruct	VERB	to teach someone how to do something	The coach instructs the children on how to swim.
1469	instrument	NOUN	an object used to make music, such as a piano or a drum	Which musical instrument do you play?
1470	intend	VERB	to plan to do something	We intend to plant some trees.
1471	intense	ADJ	very strong	The heat in the afternoon was intense.
1472	intent	NOUN	what you plan or mean to do	Her intent was to help, not to hurt.
1473	interrupt	VERB	to stop someone while they are speaking or doing something	Please don't interrupt when someone is talking.
1474	interview	VERB	to ask someone questions, for a job or for the news	The journalist interviewed the mayor.
1475	introduce	VERB	to tell people each other's names when they meet	Let me introduce you to my sister.
1476	investigate	VERB	to look closely at something to find out the truth	Let's investigate what lives under the rock.
1477	invite	VERB	to ask someone to come to an event or a place	Let's invite our friends to the party.
1478	iron	NOUN	a strong hard grey metal	The gate is made of iron.
1479	item	NOUN	one thing in a list or a group	Tick each item on the list.
1480	jacket	NOUN	a short coat	Zip up your jacket.
1481	jam	NOUN	a sweet food made from fruit and sugar, spread on bread	We spread jam on our toast.
1482	january	NOUN	the first month of the year	It often snows in January in the mountains.
1483	jaw	NOUN	the bones of the mouth that hold the teeth	The crocodile has a powerful jaw.
1484	jeans	NOUN	trousers made of strong blue cotton	He is wearing blue jeans.
1485	journey	NOUN	a trip from one place to another	The journey to grandma's house takes two hours.
1486	joy	NOUN	a feeling of great happiness	The baby's laugh filled the room with joy.
1487	juice	NOUN	the liquid from fruit or vegetables	Would you like some orange juice?
1488	july	NOUN	the seventh month of the year	Our holidays start in July.
1489	june	NOUN	the sixth month of the year	The school year ends in June.
1490	junior	NOUN	a person who is younger or has a lower position	The juniors play football on Saturday mornings.
1491	justice	NOUN	fair treatment for everyone	Everyone deserves justice.
1492	keen	ADJ	very interested and eager	She is keen to learn English.
1493	kilometre	NOUN	a unit for measuring distance; there are 1,000 metres in a kilometre	The beach is two kilometres from here.
1494	kindly	ADJ	kind and friendly	A kindly old man helped us find the way.
1495	knee	NOUN	the part in the middle of your leg where it bends	The water came up to my knees.
1496	knife	NOUN	a tool with a sharp edge for cutting	Use a knife and fork.
1497	knit	VERB	to make clothes from wool using two long needles	Grandma is knitting a scarf for me.
1498	knowledge	NOUN	what you know and understand	Books give us knowledge about the world.
1499	laboratory	NOUN	a room where scientists do experiments	Scientists work in a laboratory.
1500	labour	NOUN	hard work, especially with the body	Building the wall took a lot of labour.
1501	lack	NOUN	the state of not having enough of something	The plants are dry because of a lack of water.
1502	lamb	NOUN	a young sheep	The lamb is drinking milk from its mother.
1503	lamp	NOUN	a device that gives light	Turn on the lamp, it's getting dark.
1504	lane	NOUN	a narrow road, often in the country	We walked down a narrow lane to the beach.
1505	language	NOUN	the words and grammar that people use to speak and write	How many languages do you speak?
1506	lasted	VERB	past form of last: continued for a period of time	The storm lasted all night.
1507	lawn	NOUN	an area of short grass in a garden or a park	The children play on the lawn.
1508	lawyer	NOUN	a person whose job is to give advice about the law	Her aunt is a lawyer.
1509	league	NOUN	a group of sports teams that play against each other	Our team is top of the league.
1510	lean	VERB	to bend your body, or to rest against something	Don't lean on the glass.
1511	leap	VERB	to jump high or far	Leap like a frog!
1512	legal	ADJ	allowed by the law	It's not legal to park here.
1513	lend	VERB	to give something to someone for a short time	Can you lend me your scissors?
1514	length	NOUN	how long something is	Measure the length of the table.
1515	lesson	NOUN	a period of time when you learn something	Our swimming lesson is on Tuesday.
1516	library	NOUN	a place where you can read and borrow books	We borrow books from the library.
1517	licence	NOUN	an official document that gives you permission to do something	You need a licence to drive a car.
1518	lid	NOUN	a cover for a box, a pot or a jar	Put the lid on the jar.
1519	lightly	ADV	gently, with little force	Touch the bubble lightly with your finger.
1520	likely	ADJ	probably going to happen	It's likely to rain this afternoon.
1521	limit	NOUN	the greatest amount or number that is allowed	The speed limit near the school is 30.
1522	lion	NOUN	a large wild cat that lives in Africa	The lion has a big golden mane.
1523	loan	NOUN	money that you borrow and must pay back	The bank gave them a loan to buy the house.
1524	locate	VERB	to find where something is	Can you locate Galicia on the map?
1525	log	NOUN	a thick piece of a tree trunk or a branch	We sat on a log by the river.
1526	lone	ADJ	only one; alone	A lone seagull stood on the rock.
1527	loose	ADJ	not firmly fixed	My tooth is loose!
1528	loss	NOUN	the fact of losing something	The loss of his toy made him sad.
1529	lower	VERB	to move something down, or to make it less	Lower your voice: the baby is asleep.
1530	lump	NOUN	a solid piece of something without a clear shape	There's a lump of clay on the table.
1531	magazine	NOUN	a thin book with pictures and articles that comes out regularly	Grandma reads a magazine about gardens.
1532	magic	NOUN	a special power that makes impossible things happen in stories	The wizard used magic to make it rain.
1533	mail	VERB	to send a letter or a parcel by post	Can you mail this letter for me?
1534	maintain	VERB	to keep something in good condition	The gardeners maintain the park.
1535	male	NOUN	a man, or an animal that cannot have babies or lay eggs	In many birds, the male has brighter feathers.
1536	mama	NOUN	an informal word for mother	The baby said mama for the first time.
1537	manner	NOUN	the way that something is done	She spoke in a friendly manner.
1538	map	NOUN	a drawing of an area that shows roads, rivers and towns	Let's look at the map.
1539	march	VERB	to walk with regular steps, like soldiers	The band marched through the town.
1540	marvel	VERB	to feel great surprise and admiration	We marvelled at the fireworks.
1541	mask	NOUN	something you wear over your face to hide it or protect it	The children made animal masks.
1542	mass	NOUN	a large amount of something without a clear shape	A mass of clouds covered the sky.
1543	massive	ADJ	very big and heavy	A massive wave hit the rocks.
1544	match	VERB	to be the same or to look good together	Match the socks into pairs.
1545	mate	NOUN	a friend (informal, British English)	He went to the park with his mates.
1546	material	NOUN	a substance used to make something	Wood is a strong material.
1547	mathematics	NOUN	the study of numbers, shapes and measurements	Mathematics helps us count and measure.
1548	maximum	ADJ	the largest amount or number that is possible or allowed	The maximum number of children in the pool is ten.
1549	measure	VERB	to find the size or amount of something	Measure the table with a tape measure.
1550	meat	NOUN	the parts of an animal that people eat	Some people don't eat meat.
1551	medical	ADJ	relating to medicine and health care	The school has a medical room.
1552	medicine	NOUN	something that you take to get better when you are ill	Take your medicine after breakfast.
1553	melt	VERB	to change from solid to liquid because of heat	The snowman melted in the sun.
1554	memory	NOUN	something that you remember	I have a happy memory of that day.
1555	mental	ADJ	relating to the mind	Sleep is important for mental health.
1556	merry	ADJ	happy and cheerful	Merry Christmas!
1557	message	NOUN	a short piece of information that you send to someone	Leave a message after the beep.
1558	metal	NOUN	a hard material such as iron, gold or silver	Spoons are made of metal.
1559	metre	NOUN	a unit for measuring length; there are 100 centimetres in a metre	The pool is one metre deep.
1560	microwave	NOUN	an oven that cooks food very quickly	Warm the milk in the microwave.
1561	military	ADJ	relating to soldiers or the army	The military band played in the square.
1562	mill	NOUN	a building with a machine for making flour from grain	The old mill by the river used water to grind wheat.
1563	minister	NOUN	a person who is in charge of a government department	The minister visited our school.
1564	minor	ADJ	small and not important	It was only a minor problem.
1565	minus	ADJ	below zero	It was minus two degrees last night.
1566	mirror	NOUN	a piece of glass in which you can see yourself	Look at yourself in the mirror.
1567	mission	NOUN	an important job or task	Our mission today is to find five red things.
1568	mix	VERB	to put different things together	Mix the blue and yellow paint to make green.
1569	model	NOUN	a small copy of something	We made a model of a volcano.
1570	modern	ADJ	new, or of the present time	The new library is very modern.
1571	monkey	NOUN	an animal with a long tail that climbs trees	The monkey swings from tree to tree.
1572	mood	NOUN	the way you feel at a particular time	She is in a good mood today.
1573	moon	NOUN	the round object that shines in the sky at night	The moon is full tonight.
1574	motor	NOUN	a machine that makes something move	The boat has a small motor.
1575	mount	VERB	to fix something onto a support	Mount the picture on a piece of card.
1576	mouse	NOUN	a small animal with a long tail	A field mouse lives under the hedge.
1577	mow	VERB	to cut grass with a machine	Dad mows the lawn on Saturdays.
1578	mud	NOUN	wet, soft earth	Our boots are covered in mud.
1579	murder	NOUN	the act of ending someone's life on purpose, which is against the law	The detective story is about a murder in an old house.
1580	muscle	NOUN	a part of the body that makes it move	Exercise makes your muscles strong.
1581	mystery	NOUN	something that nobody can explain	Where the other sock went is a mystery!
1582	nail	VERB	to fix something with small metal pins	Nail the sign to the post.
1583	nanny	NOUN	a woman whose job is to look after a family's children	Their nanny takes them to the park.
1584	narrow	ADJ	not wide	The street is too narrow for the bus.
1585	nasty	ADJ	very unpleasant	There's a nasty smell in the fridge.
1586	native	ADJ	relating to the place where you were born	Her native language is Galician.
1587	navy	NOUN	the ships and sailors that protect a country at sea	Her uncle is a sailor in the navy.
1588	neither	DET	not one and not the other of two	Neither answer is right.
1589	nerve	NOUN	a thin fibre that carries messages between the brain and the body	The nerves carry messages to the brain.
1590	nervous	ADJ	worried and a little afraid	I always feel nervous before a race.
1591	nest	NOUN	a home that a bird builds for its eggs	The bird is sitting on its nest.
1592	newspaper	NOUN	sheets of paper with news, printed every day or every week	Grandpa reads the newspaper every morning.
1593	non	ADV	not (used before some words)	We drove non-stop to the coast.
1594	nor	CCONJ	and not	He did not cry, nor did he complain.
1595	northern	ADJ	in or from the north	Galicia is in northern Spain.
1596	november	NOUN	the eleventh month of the year	In November the days get shorter.
1597	nowhere	ADV	not in or to any place	The cat is nowhere to be seen.
1598	nut	NOUN	a fruit with a hard shell and a seed inside that you can eat	Squirrels collect nuts for the winter.
1599	oak	NOUN	a large tree with hard wood that produces acorns	The oak tree in the park is very old.
1600	object	NOUN	a thing that you can see and touch	Find an object that is round.
1601	observe	VERB	to watch something carefully	Observe how the snail moves.
1602	occasion	NOUN	a special event or a time when something happens	A birthday is a special occasion.
1603	occur	VERB	to happen	Earthquakes rarely occur here.
1604	october	NOUN	the tenth month of the year	In October, the leaves start to fall.
1605	official	NOUN	a person with an important job in an organisation	A school official checked the classrooms.
1606	onion	NOUN	a round vegetable with a strong smell and taste	Chopping onions makes me cry.
1607	operate	VERB	to make a machine work	Can you operate this machine?
1608	opinion	NOUN	what you think about something	What's your opinion of the book?
1609	opportunity	NOUN	a chance to do something	The trip is a great opportunity to learn.
1610	oppose	VERB	to disagree with a plan and try to stop it	Many parents oppose the plan.
1611	opposite	ADJ	on the other side, facing someone or something	They live on the opposite side of the street.
1612	option	NOUN	a choice	You have two options: walk or take the bus.
1613	ordinary	ADJ	normal; not special	It was an ordinary Tuesday.
1614	organize	VERB	to plan and arrange something	Let's organize a picnic for Saturday.
1615	original	ADJ	the first one; not a copy	This is the original painting, not a copy.
1616	otherwise	ADV	if not	Wear your coat, otherwise you'll be cold.
1617	oven	NOUN	the part of a cooker that bakes food	The bread is baking in the oven.
1618	owe	VERB	to have to pay or give something back to someone	I owe you a cake for your help.
1619	pan	NOUN	a metal container with a handle, used for cooking	Heat some oil in a pan.
1620	panic	NOUN	a sudden strong feeling of fear	There was panic when the lights went out.
1621	partner	NOUN	the person someone lives with or is married to	My mum's partner makes great pancakes.
1622	pat	VERB	to touch someone or something gently with your hand	Pat the dog gently on the head.
1623	patch	NOUN	a small area that is different from what is around it	The cat sleeps in a patch of sunlight.
1624	path	NOUN	a narrow way for people to walk on	Follow the path to the lighthouse.
1625	patient	NOUN	a person who is looked after by a doctor or a nurse	The doctor sees many patients every day.
1626	pattern	NOUN	a design of shapes, lines or colours that repeat	The butterfly's wings have a beautiful pattern.
1627	pause	VERB	to stop for a short time	Pause the music and freeze!
1628	peace	NOUN	a time without fighting; a calm and quiet state	We want peace in the world.
1629	pen	NOUN	a tool for writing with ink	Write your name with a pen.
1630	pension	NOUN	money paid regularly to a person who has stopped working	Grandpa gets a pension now that he has stopped working.
1631	per	ADP	for each	We read one story per day.
1632	percent	NOUN	a part of every hundred	Fifty percent of the class has a pet.
1633	perform	VERB	to sing, dance or act in front of people	The children will perform a song for their families.
1634	period	NOUN	a length of time	We had a long period of rain.
1635	pet	NOUN	an animal that you keep at home	Do you have a pet?
1636	physical	ADJ	relating to the body	Physical activity is good for children.
1637	piano	NOUN	a large musical instrument with black and white keys	She plays the piano beautifully.
1638	pie	NOUN	food baked in pastry	Grandma made an apple pie.
1639	pig	NOUN	a pink or black farm animal with a curly tail	The pig has a curly tail.
1640	pile	NOUN	a number of things put one on top of another	There's a pile of books on the floor.
1641	pin	VERB	to fasten something with a pin	Pin the drawing on the board.
1642	pine	NOUN	a tall tree with thin sharp leaves that stay green all year	Pine trees stay green all year.
1643	pink	ADJ	having a pale red colour	Flamingos are pink.
1644	pipe	NOUN	a tube that carries water or gas	Water comes into the house through a pipe.
1645	pitch	VERB	to throw a ball	Pitch the ball gently to your friend.
1646	pity	NOUN	a feeling of sadness for someone; also a sad or disappointing thing	What a pity: it's raining again!
1647	plain	ADJ	simple, without decoration or anything extra	I'd like plain yoghurt, please.
1648	plane	NOUN	a vehicle with wings that flies	The plane is flying above the clouds.
1649	planet	NOUN	a very large round object that moves around a star	Earth is the planet we live on.
1650	plastic	NOUN	a light strong material made in factories	Use less plastic to help the sea.
1651	plate	NOUN	a flat dish that you eat food from	Put the sandwiches on a plate.
1652	pleasant	ADJ	nice and enjoyable	We had a pleasant walk by the sea.
1653	pleasure	NOUN	a feeling of happiness and enjoyment	It was a pleasure to meet you.
1654	plug	NOUN	an object that fills a hole, for example in a sink or a bath	Put the plug in before you fill the sink.
1655	pocket	NOUN	a small bag sewn into clothes, for carrying things	Put your hands in your pockets.
1656	poem	NOUN	a piece of writing with short lines, often with rhymes	We learned a short poem about the rain.
1657	poet	NOUN	a person who writes poems	The poet read her poems aloud at the library.
1658	poison	VERB	to make something harmful by adding a dangerous substance	Rubbish in the sea can poison fish and birds.
1659	pole	NOUN	a long thin stick of wood or metal	The flag is at the top of the pole.
1660	policy	NOUN	a plan or set of rules that an organisation follows	The school has a policy of no sweets in class.
1661	polish	VERB	to rub something to make it shine	Polish your shoes until they shine.
1662	polite	ADJ	having good manners	It's polite to say please and thank you.
1663	politics	NOUN	the activities of governments and of people who want to govern	My aunt likes talking about politics.
1664	pollute	VERB	to make air, water or land dirty and harmful	Cars pollute the air.
1665	pool	NOUN	a large hole filled with water for swimming	The children are swimming in the pool.
1666	popular	ADJ	liked by many people	Football is a popular sport.
1667	population	NOUN	the number of people who live in a place	The population of the town is growing.
1668	port	NOUN	a town or an area by the sea where ships stop	Big ships come into the port of Vigo.
1669	positive	ADJ	hopeful and confident	Try to stay positive.
1670	possess	VERB	to have or own something	The old man possessed a beautiful garden.
1671	potato	NOUN	a round vegetable that grows under the ground	We had baked potatoes for dinner.
1672	pour	VERB	to make a liquid flow from a container	Pour the water into the glass.
1673	practical	ADJ	useful and sensible	Rain boots are practical on rainy days.
1674	practise	VERB	to do something many times to get better at it	Practise the song every day.
1675	pray	VERB	to speak to God or a god	Some people pray before meals.
1676	prefer	VERB	to like one thing more than another	Do you prefer apples or pears?
1677	pregnant	ADJ	having a baby growing inside the body	My aunt is pregnant and the baby is due in May.
1678	president	NOUN	the person in charge of a club, a company or a country	The president of the club gave a speech.
1679	pressure	NOUN	the force of something pressing on something else	Check the pressure in the bike tyres.
1680	presume	VERB	to think that something is probably true	I presume this is your coat?
1681	pretend	VERB	to act as if something is true when it is not, often in play	Let's pretend we are pirates!
1682	prevent	VERB	to stop something from happening	Sun cream helps prevent sunburn.
1683	previous	ADJ	happening or existing before	The previous owner of the house planted the apple tree.
1684	pride	NOUN	a feeling of pleasure about something you have done well	She looked at her painting with pride.
1685	prime	ADJ	the best or most important	This is a prime spot for watching the sunset.
1686	print	VERB	to put words or pictures on paper with a machine	Can you print the photos for grandma?
1687	privacy	NOUN	the state of being alone and not watched by others	Everyone needs some privacy.
1688	private	ADJ	only for one person or a small group	This is a private garden.
1689	process	NOUN	a series of actions to make or do something	Making bread is a slow process.
1690	produce	VERB	to make or grow something	Galician farms produce a lot of milk.
1691	product	NOUN	something that is made or grown to be sold	This shop sells local products.
1692	profession	NOUN	a job that needs special training	Teaching is a wonderful profession.
1693	progress	NOUN	the process of getting better	She is making good progress with her reading.
1694	project	VERB	to show pictures or a film on a screen or a wall	We projected the photos onto the wall.
1695	pronounce	VERB	to say a word in a particular way	How do you pronounce this word?
1696	property	NOUN	something that belongs to someone	This bike is school property.
1697	propose	VERB	to suggest a plan	I propose we have a picnic.
1698	protest	VERB	to say strongly that you do not agree with something	The neighbours protested against the new road.
1699	proud	ADJ	pleased about something that you or others have done	I'm proud of you!
1700	prove	VERB	to show that something is true	Can you prove that the earth is round?
1701	provide	VERB	to give someone something that they need	The school provides lunch for the children.
1702	pub	NOUN	a place where people go to drink and meet friends	The village pub serves lunch on Sundays.
1703	pudding	NOUN	a sweet dish eaten at the end of a meal (British English)	What's for pudding today?
1704	pump	VERB	to push air or liquid into something with a machine	Pump up the tyres of your bike.
1705	punch	VERB	to hit with your fist, or to make a hole in something with a tool	Punch two holes in the card for the string.
1706	punish	VERB	to make someone suffer because they did something wrong	It's not fair to punish the whole class.
1707	pup	NOUN	a young dog, seal or other animal	The seal pup is resting on the rocks.
1708	purchase	VERB	to buy	You can purchase tickets at the door.
1709	pure	ADJ	not mixed with anything else	The water from the spring is pure.
1710	purple	ADJ	having a colour between red and blue	Grapes can be green or purple.
1711	purpose	NOUN	the reason why something is done or made	What is the purpose of this button?
1712	qualify	VERB	to reach the level needed to take part in something	Our team needs one more point to qualify.
1713	quality	NOUN	how good or bad something is	These shoes are good quality.
1714	quit	VERB	to stop doing something	Don't quit: you're nearly there!
1715	quote	VERB	to repeat the exact words that someone said or wrote	The teacher quoted a line from the poem.
1716	range	NOUN	a set of different things of the same kind	The shop has a wide range of toys.
1717	rapid	ADJ	very quick	We noticed a rapid change in the weather.
1718	rare	ADJ	not common; not often seen	This butterfly is very rare.
1719	rat	NOUN	an animal like a big mouse, with a long tail	A rat ran across the street.
1720	ray	NOUN	a narrow line of light	A ray of sunshine came through the window.
1721	react	VERB	to do or say something because of what has happened	How did the dog react to the noise?
1722	recall	VERB	to remember	Can you recall the name of the story?
1723	receive	VERB	to get something that someone gives or sends you	Did you receive my letter?
1724	recipe	NOUN	instructions for cooking a dish	This is grandma's recipe for apple pie.
1725	reckon	VERB	to think or believe (informal)	I reckon it will rain later.
1726	recognize	VERB	to know someone or something because you have seen or heard them before	Do you recognize this song?
1727	recommend	VERB	to say that someone or something is good	I recommend this book: it's very funny.
1728	recover	VERB	to get better after an illness	She is recovering from a cold.
1729	reduce	VERB	to make something smaller or less	Reduce, reuse and recycle!
1730	refer	VERB	to mention or talk about something	The teacher referred to the map.
1731	refrigerator	NOUN	a fridge; a cold box for keeping food fresh	Keep the milk in the refrigerator.
1732	refuse	VERB	to say that you will not do or accept something	The cat refuses to go outside in the rain.
1733	regard	VERB	to think of someone or something in a particular way	Many people regard the dog as part of the family.
1734	region	NOUN	a large area of a country or of the world	Galicia is a region in the north-west of Spain.
1735	register	VERB	to put a name on an official list	Register your child for the summer camp.
1736	regular	ADJ	happening at the same time every day, week or month	Regular exercise is good for you.
1737	relax	VERB	to rest and become calm	Lie down and relax.
1738	release	VERB	to let someone or something go free	We released the butterfly in the garden.
1739	relief	NOUN	the good feeling you have when a worry goes away	What a relief: we found the keys!
1740	rely	VERB	to trust someone or something to help you	You can rely on me.
1741	remain	VERB	to stay in the same place or state	Please remain seated until the bus stops.
1742	remark	VERB	to say something	She remarked that the garden looked lovely.
1743	remind	VERB	to help someone remember something	Remind me to buy milk.
1744	remove	VERB	to take something away	Remove your shoes before you go in.
1745	repair	VERB	to fix something that is broken	The mechanic repaired our car.
1746	repeat	VERB	to say or do something again	Repeat after me: hello!
1747	replace	VERB	to put a new thing in the place of an old one	We need to replace the broken window.
1748	represent	VERB	to be a sign or symbol of something	The red dots on the map represent schools.
1749	require	VERB	to need	The game requires two players.
1750	research	NOUN	careful study to find out new facts	Scientists do research on whales.
1751	reserve	VERB	to arrange to keep something for later, such as a table or a seat	We reserved a table for four.
1752	resist	VERB	to stop yourself from doing something you want to do	I can't resist chocolate cake!
1753	respect	NOUN	a feeling that someone is important and should be treated well	Treat other people with respect.
1754	restaurant	NOUN	a place where you pay to eat a meal	We had dinner at a fish restaurant.
1755	result	NOUN	what happens because of something	The result of the race was a draw.
1756	retire	VERB	to stop working, usually because of your age	Grandpa retired last year.
1757	rice	NOUN	small white or brown grains that are cooked and eaten	We had rice with vegetables.
1758	ridiculous	ADJ	very silly	That hat looks ridiculous!
1759	rip	VERB	to tear something quickly	Be careful not to rip your trousers.
1760	risk	VERB	to do something that may have a bad result	Don't risk going out in the storm.
1761	roar	VERB	to make a very loud deep sound	The lion roars loudly.
1762	rob	VERB	to take money or things from a person or a place without permission	In the story, two pirates try to rob the ship.
1763	role	NOUN	a part that someone plays in a play or a film	She played the role of the queen in the play.
1764	roof	NOUN	the top covering of a building	There is a cat on the roof.
1765	root	NOUN	the part of a plant that grows under the ground	Roots take water from the soil.
1766	rope	NOUN	a thick strong string	We jumped over the skipping rope.
1767	rot	VERB	to go bad and slowly break down	Leaves rot and become soil.
1768	row	NOUN	a line of people or things side by side	Sit in the front row.
1769	royal	ADJ	relating to a king or a queen	The royal family lives in a palace.
1770	rub	VERB	to move your hand or something else backwards and forwards on a surface	Rub your hands together to warm them.
1771	rude	ADJ	not polite	It's rude to talk with your mouth full.
1772	ruin	NOUN	the parts of a building that remain after it has fallen down	We visited the ruins of a castle.
1773	rush	VERB	to go or do something very quickly	Don't rush: we have time.
1774	saint	NOUN	a very good or holy person, honoured by a church	Many towns in Galicia celebrate their saint's day.
1775	sake	NOUN	for the good of someone or something (for goodness' sake)	For goodness' sake, be careful!
1776	salad	NOUN	a cold dish of raw vegetables	We had a tomato salad for lunch.
1777	salary	NOUN	money that you get every month for your work	Her salary is paid every month.
1778	sale	NOUN	the act of selling something, or a time when prices are lower	The shop has a sale on winter coats.
1779	salt	NOUN	a white substance from the sea, used to give food flavour	Add a pinch of salt to the soup.
1780	sand	NOUN	the tiny grains of rock on beaches and in deserts	The children are playing in the sand.
1781	sandwich	NOUN	two pieces of bread with food between them	I have a cheese sandwich for lunch.
1782	satisfy	VERB	to give someone what they want or need	A small snack will satisfy her hunger.
1783	sauce	NOUN	a thick liquid that you put on food	Do you want tomato sauce on your pasta?
1784	sausage	NOUN	minced meat in a long thin skin	We grilled sausages at the barbecue.
1785	scale	NOUN	a set of numbers or marks used for measuring	On a scale of one to ten, how tired are you?
1786	scene	NOUN	a part of a play or a film	The first scene of the play takes place in a forest.
1787	schedule	VERB	to plan something for a particular time	We scheduled the trip for next Friday.
1788	score	NOUN	the number of points in a game	What's the score?
1789	scratch	VERB	to rub your skin, or to damage a surface with something sharp	The cat scratched the sofa.
1790	scream	VERB	to shout in a loud high voice	Don't scream: the baby is asleep.
1791	screen	NOUN	the flat surface on a television, a computer or a phone	Don't sit too close to the screen.
1792	screw	NOUN	a thin pointed piece of metal that you turn to fix things together	Dad fixed the shelf with four screws.
1793	seal	VERB	to close something firmly	Seal the envelope before you post it.
1794	search	VERB	to look carefully for something	Search for shells on the beach.
1795	season	NOUN	one of the four parts of the year: spring, summer, autumn and winter	Which season comes after winter?
1796	seconds	NOUN	units of time; there are sixty seconds in a minute	The race lasted only twenty seconds.
1797	secret	ADJ	known only by a few people	This is our secret den.
1798	section	NOUN	one of the parts of something	The children's section of the library is upstairs.
1799	seed	NOUN	a small hard part of a plant from which a new plant grows	We planted sunflower seeds.
1800	seek	VERB	to look for something	The children seek shelter from the rain under a tree.
1801	select	VERB	to choose	Select a book from the shelf.
1802	senior	ADJ	older, or higher in rank	She is a senior nurse at the hospital.
1803	sentence	NOUN	a group of words that gives a complete idea	Read the sentence aloud.
1804	separate	VERB	to divide things or people into groups or parts	Separate the white socks from the dark ones.
1805	september	NOUN	the ninth month of the year	In September, we go back to school.
1806	series	NOUN	a television programme with several parts	We watched a TV series about animals.
1807	sew	VERB	to join cloth with a needle and thread	Grandma sewed a button on my coat.
1808	shade	NOUN	an area that is cooler and darker because the sun cannot reach it	Let's sit in the shade of the tree.
1809	shadow	NOUN	a dark shape made by something that blocks the light	My shadow follows me everywhere.
1810	shame	NOUN	a bad feeling when you have done something wrong; also a pity	What a shame you can't come to the party!
1811	sharp	ADJ	with a thin edge or point that can cut	Be careful: the knife is sharp.
1812	shave	VERB	to cut hair off your face or body with a razor	Dad shaves every morning.
1813	shed	VERB	to lose something naturally, such as leaves or skin	Snakes shed their skin.
1814	sheep	NOUN	a farm animal with a thick wool coat	The sheep are eating grass on the hill.
1815	sheet	NOUN	a large piece of cloth for a bed, or a thin flat piece of paper	Put clean sheets on the bed.
1816	shelf	NOUN	a flat board on a wall or in a cupboard for putting things on	The books are on the top shelf.
1817	shell	NOUN	the hard outside part of an egg, a nut or some animals	We found a big shell on the beach.
1818	shelter	NOUN	a place that protects you from bad weather or danger	The bus shelter kept us dry.
1819	shift	VERB	to move something a little	Shift your chair a little to the left.
1820	shine	VERB	to give out bright light	The stars shine at night.
1821	shiver	VERB	to shake because you are cold or afraid	The puppy was shivering with cold.
1822	shock	NOUN	a sudden unpleasant surprise	The cold water was a shock!
1823	shore	NOUN	the land along the edge of the sea or a lake	The boat came back to the shore.
1824	shove	VERB	to push someone or something roughly	Please don't shove in the queue.
1825	shower	NOUN	a device that sprays water over you so that you can wash	I have a shower every evening.
1826	signal	NOUN	a sound or an action that gives a message	The teacher gave the signal to start.
1827	silence	NOUN	complete quiet	We listened to the silence of the forest.
1828	silver	ADJ	made of silver, or having its shiny grey colour	She has a silver bracelet.
1829	similar	ADJ	almost the same	Your drawing is similar to mine.
1830	sink	VERB	to go down below the surface of water	Does a stone float or sink?
1831	site	NOUN	a place where something is, was or will be	This is the site of the new school.
1832	ski	NOUN	one of a pair of long narrow pieces of wood or plastic for sliding on snow	She carried her skis to the top of the hill.
1833	skill	NOUN	the ability to do something well	Riding a bike is a useful skill.
1834	skirt	NOUN	a piece of clothing for women and girls that hangs from the waist	She is wearing a red skirt.
1835	slave	NOUN	a person who is owned by another person and forced to work	Slavery is against the law in every country.
1836	slide	VERB	to move smoothly over a surface	The children slide down the snowy hill on sledges.
1837	smart	ADJ	clever	The smart dog opened the door by itself.
1838	smash	VERB	to break into many pieces with a loud noise	The glass smashed on the floor.
1839	smooth	ADJ	flat and even, with no rough parts	The pebble is smooth and round.
1840	snake	NOUN	a long thin animal with no legs	The snake slid across the sand.
1841	snap	VERB	to break suddenly with a sharp noise	The stick snapped in two.
1842	social	ADJ	living in groups, or relating to time spent with other people	Dogs are social animals.
1843	society	NOUN	people living together in an organised community	Libraries are important for society.
1844	sock	NOUN	a soft piece of clothing that you wear on your foot	I've lost a sock again!
1845	soil	NOUN	the top layer of the earth in which plants grow	Worms live in the soil.
1846	soldier	NOUN	a member of an army	The toy soldier stood on the shelf.
1847	solid	ADJ	hard and firm; not liquid or gas	Ice is water in solid form.
1848	somewhat	ADV	a little; rather	The water was somewhat cold.
1849	sore	ADJ	painful	My legs are sore after the long walk.
1850	sorted	VERB	past form of sort: put things in groups or in order	We sorted the buttons by colour.
1851	soul	NOUN	the part of a person that is believed to be their spirit	Music is good for the soul.
1852	soup	NOUN	a liquid food made from vegetables, meat or fish	Grandma makes the best vegetable soup.
1853	southern	ADJ	in or from the south	Seville is in southern Spain.
1854	spare	VERB	to give something that you do not need	Can you spare a pencil?
1855	species	NOUN	a group of animals or plants of the same kind	There are many species of birds in the park.
1856	specific	ADJ	particular; exact	Is there a specific day for the trip?
1857	speech	NOUN	a formal talk to a group of people	The mayor gave a speech at the opening.
1858	speed	NOUN	how fast something moves	The train travels at high speed.
1859	spell	NOUN	magic words that make something happen in stories	The witch cast a spell on the frog.
1860	spin	VERB	to turn round and round quickly	Spin around three times!
1861	spirit	NOUN	energy and enthusiasm	The children sang with great spirit.
1862	split	VERB	to divide something into parts	Let's split the orange into segments.
1863	spoil	VERB	to ruin something	Don't spoil the surprise!
1864	spray	NOUN	liquid in very small drops, sent through the air	We felt the spray of the waves on our faces.
1865	spread	VERB	to move to more places or people	The news spread quickly around the school.
1866	stable	ADJ	firm and not likely to move or fall	Make sure the ladder is stable.
1867	staff	NOUN	the people who work in a place	The school staff organised a party.
1868	stairs	NOUN	a set of steps inside a building	Walk carefully down the stairs.
1869	stamp	VERB	to put your foot down hard on the ground	Stamp your feet to the music!
1870	standard	NOUN	a level of quality	The work is of a high standard.
1871	starve	VERB	to be very ill or die because of having no food	Feed the birds in winter so they don't starve.
1872	states	NOUN	the parts of a country that have their own government, as in the USA	The United States has fifty states.
1873	steady	ADJ	not moving or shaking	Hold the glass steady.
1874	steak	NOUN	a thick slice of meat or fish	Dad cooked a steak for dinner.
1875	steam	VERB	to cook food over boiling water	Steam the vegetables for five minutes.
1876	steel	NOUN	a very strong metal made from iron	The bridge is made of steel.
1877	stiff	ADJ	hard to bend or move	My legs feel stiff after sitting so long.
1878	stir	VERB	to move a spoon around in a liquid to mix it	Stir the soup with a wooden spoon.
1879	stock	NOUN	a supply of things kept to be used or sold	The shop has a big stock of school bags.
1880	stomach	NOUN	the organ in your body where food goes after you swallow it	My stomach is full after lunch.
1881	storm	NOUN	very bad weather with strong winds and rain	We stayed inside during the storm.
1882	strawberry	NOUN	a small soft red fruit with tiny seeds on the outside	Strawberry ice cream is pink.
1883	stream	NOUN	a small narrow river	We crossed a small stream on stepping stones.
1884	strength	NOUN	the quality of being physically strong	Pulling the rope needs strength.
1885	stress	NOUN	the extra force used to say part of a word	In the word banana, the stress falls on the second syllable.
1886	stretch	VERB	to make your body or a part of it as long as possible	Stretch your arms up to the sky.
1887	string	NOUN	a thin cord used for tying things	Tie the balloon with a string.
1888	strip	NOUN	a long narrow piece of something	Cut the paper into long strips.
1889	stroke	NOUN	a way of moving your arms and legs when you swim	Breaststroke is a swimming stroke.
1890	struggle	NOUN	something that is very difficult to do	Climbing the steep hill was a struggle.
1891	style	NOUN	a particular way of doing or making something	She has her own style of painting.
1892	success	NOUN	something that goes well or as planned	The school play was a great success.
1893	suck	VERB	to hold something in your mouth and pull on it with your lips	Babies suck their thumbs.
1894	suffer	VERB	to feel pain or have problems	Plants suffer in very hot weather.
1895	sugar	NOUN	a sweet white or brown substance used in food and drinks	Don't put too much sugar in your tea.
1896	super	ADJ	very good (informal)	We had a super time at the party!
1897	supply	VERB	to give people something they need	Cows supply us with milk.
1898	surface	NOUN	the top or outside part of something	Leaves float on the surface of the pond.
1899	surround	VERB	to be all around something	Trees surround the lake.
1900	survive	VERB	to continue to live	Cactus plants can survive with very little water.
1901	suspect	VERB	to think that something is probably true	I suspect the dog ate my sandwich!
1902	suspicion	NOUN	a feeling that something is probably true	I have a suspicion that it will rain.
1903	swallow	VERB	to make food or drink go down your throat	Chew your food before you swallow.
1904	swear	VERB	to use rude words; also to make a serious promise	Please don't swear in front of the children.
1905	sweep	VERB	to clean a floor with a brush	Sweep the floor with the broom.
1906	swing	VERB	to move backwards and forwards from a fixed point	Swing your arms as you walk.
1907	switch	VERB	to turn a light or a machine on or off	Switch off the light when you leave.
1908	sword	NOUN	a long metal blade with a handle, used for fighting in the past	The knight in the story carries a shiny sword.
1909	tale	NOUN	a story	Grandma told us a tale about a magic fish.
1910	tank	NOUN	a large container for liquid or gas	The fish tank needs cleaning.
1911	tap	VERB	to hit something gently and quickly	Tap the table to the beat of the song.
1912	taxi	NOUN	a car with a driver that you pay to take you somewhere	We took a taxi to the station.
1913	tease	VERB	to laugh at someone or say unkind things for fun	Don't tease your little sister.
1914	technology	NOUN	machines and equipment made using scientific knowledge	Technology changes very fast.
1915	teenage	ADJ	aged between thirteen and nineteen	My teenage cousin likes skateboarding.
1916	tempt	VERB	to make someone want to do something	The smell of cake tempted me into the kitchen.
1917	tense	NOUN	the form of a verb that shows when something happens	Went is the past tense of go.
1918	tent	NOUN	a shelter made of cloth and poles, for sleeping outside	We slept in a tent at the campsite.
1919	th	X	the letters written after some numbers, as in 4th or 10th	Her birthday is on the 5th of May.
1920	theatre	NOUN	a building where people watch plays and shows	We saw a puppet show at the theatre.
1921	therefore	ADV	for that reason	It's raining; therefore, we'll play inside.
1922	thief	NOUN	a person who steals	In the story, the thief hides the jewels in a tree.
1923	thin	ADJ	not thick	The ice is too thin to walk on.
1924	threat	NOUN	something that may cause harm	Plastic is a threat to sea animals.
1925	thus	ADV	so; for this reason	The bridge was closed; thus, we took the long way.
1926	ticket	NOUN	a piece of paper that shows you have paid to travel or to go in	We need two tickets for the bus.
1927	tide	NOUN	the regular rise and fall of the level of the sea	The tide comes in twice a day.
1928	tin	NOUN	a soft silver metal; also a metal container for food (British English)	We keep the biscuits in a tin.
1929	tiny	ADJ	very small	A tiny ant is carrying a crumb.
1930	tip	NOUN	the pointed or thin end of something	Touch the tip of your nose.
1931	title	NOUN	the name of a book, a song or a picture	Give your drawing a title.
1932	toast	VERB	to make bread brown and crisp with heat	Toast the bread for breakfast.
1933	toe	NOUN	one of the five small parts at the end of your foot	Wiggle your toes in the sand.
1934	toilet	NOUN	a seat over a bowl that you use to get rid of waste from your body	Wash your hands after using the toilet.
1935	tomato	NOUN	a soft round red fruit eaten as a vegetable	Slice the tomato for the salad.
1936	tone	NOUN	the sound of someone's voice that shows how they feel	Speak in a gentle tone.
1937	tongue	NOUN	the soft part inside your mouth that you taste with	Stick out your tongue!
1938	tool	NOUN	a thing that you hold in your hand to do a job	A hammer is a useful tool.
1939	topic	NOUN	a subject that people talk or write about	Today's topic is the sea.
1940	tough	ADJ	strong and not easily broken	These boots are tough enough for the mountains.
1941	tour	NOUN	a visit around a place to see it	We went on a tour of the castle.
1942	towel	NOUN	a piece of cloth for drying yourself	Bring a towel to the beach.
1943	tower	NOUN	a tall narrow building, or a tall part of a building	The church tower has a clock.
1944	toy	NOUN	an object for children to play with	This toy train is made of wood.
1945	trace	VERB	to copy a picture or a letter by drawing over its lines	Trace the letter with your finger.
1946	trade	NOUN	the buying and selling of goods	Vigo has a long history of trade by sea.
1947	tradition	NOUN	something that people have done in the same way for a long time	Eating chestnuts in autumn is a Galician tradition.
1948	traffic	NOUN	the cars and other vehicles on a road	There is a lot of traffic in the morning.
1949	transfer	VERB	to move someone or something from one place to another	You can transfer the photos to the computer.
1950	trap	NOUN	something used to catch animals	The spider's web is a trap for flies.
1951	tray	NOUN	a flat piece of plastic, wood or metal for carrying things	Carry the cups on a tray.
1952	trial	NOUN	a test to see if something works well	The new bus route is on trial for a month.
1953	trick	NOUN	something clever that you do to surprise or entertain people	The magician showed us a card trick.
1954	truck	NOUN	a large vehicle for carrying goods	The fire truck has a long ladder.
1955	trunk	NOUN	the thick main stem of a tree	The tree trunk is too wide to hug.
1956	tune	NOUN	a series of musical notes that make a pleasant sound	Can you hum the tune?
1957	twin	NOUN	one of two children born at the same time to the same mother	My twin brother and I have the same birthday.
1958	twist	VERB	to turn something round	Twist the lid to open the jar.
1959	typical	ADJ	usual for a person, a thing or a place	Rain is typical in Galicia in winter.
1960	union	NOUN	an organisation of workers that protects their rights	The workers' union met with the company.
1961	unit	NOUN	an amount used for measuring	A metre is a unit of length.
1962	unite	VERB	to join together	Music can unite people.
1963	university	NOUN	a place where people study after school to get a degree	My sister studies at the university.
1964	upper	ADJ	higher	The bedrooms are on the upper floor.
1965	upset	VERB	to make someone sad or worried	The loud noise upset the baby.
1966	valley	NOUN	the low land between hills or mountains	A river runs through the valley.
1967	value	NOUN	how much something is worth	This old coin has a high value.
1968	various	ADJ	several different	We saw various kinds of birds.
1969	vary	VERB	to be different, or to change	The weather can vary a lot in spring.
1970	vegetable	NOUN	a plant or part of a plant that you eat, such as a carrot	Eat your vegetables!
1971	vehicle	NOUN	a machine with wheels that carries people or things	No vehicles are allowed in the park.
1972	version	NOUN	a form of something that is a little different from other forms	There is a short version of the story for little children.
1973	victim	NOUN	a person or an animal that is hurt by something bad	The town helped the victims of the flood.
1974	village	NOUN	a very small town in the country	My grandparents live in a small village.
1975	violent	ADJ	very strong and causing damage	A violent storm hit the coast last night.
1976	vote	VERB	to show your choice by raising your hand or writing on a paper	Let's vote for the name of the class pet.
1977	wage	NOUN	the money you are paid for your work	He earns a good wage at the factory.
1978	wander	VERB	to walk slowly without going to a particular place	The goats wander on the hill.
1979	warn	VERB	to tell someone about a danger	Mum warned us that the path was slippery.
1980	weak	ADJ	not strong	The kitten was weak and needed milk.
1981	weapon	NOUN	an object made to attack or to defend	A porcupine uses its spines as a weapon.
1982	weed	NOUN	a wild plant that grows where you do not want it	Pull the weeds out of the garden.
1983	weird	ADJ	very strange	What a weird noise!
1984	welcome	VERB	to greet someone in a friendly way when they arrive	We welcome our new friends to the class.
1985	western	ADJ	in or from the west	Portugal is in western Europe.
1986	whereas	SCONJ	while, on the other hand	He likes water play, whereas she likes sand.
1987	whip	VERB	to mix cream or eggs quickly until they become thick	Whip the cream until it's thick.
1988	whistle	VERB	to make a high sound by blowing air through your lips	Can you whistle a tune?
1989	wicked	ADJ	very bad or cruel	The wicked witch lived in a dark forest.
1990	wing	NOUN	one of the parts of a bird's or an insect's body that it flies with	A butterfly has four wings.
1991	wipe	VERB	to clean something by rubbing it with a cloth	Wipe your feet on the mat.
1992	wire	NOUN	a long thin piece of metal	The bird is sitting on a wire.
1993	wise	ADJ	having good judgement and knowledge	The wise owl gave good advice.
1994	witness	VERB	to see something happen	We witnessed a beautiful sunset.
1995	wolf	NOUN	a wild animal like a large dog	The wolf howled at the moon.
1996	wool	NOUN	the soft thick hair of sheep, used to make clothes	This jumper is made of wool.
1997	worm	NOUN	a long thin soft animal with no legs that lives in the soil	The bird caught a worm.
1998	wound	NOUN	an injury to the body, such as a cut	The nurse cleaned the wound and put on a plaster.
1999	wrap	VERB	to cover something with paper or cloth	Wrap the present in colourful paper.
2000	yell	VERB	to shout loudly	Don't yell, please.
2001	abandon	VERB	to leave someone or something and not come back	Never abandon a pet.
2002	abort	VERB	to stop something before it is finished	The pilot decided to abort the landing because of the fog.
2003	abroad	ADV	in or to another country	My cousin is studying abroad this year.
2004	absence	NOUN	the fact of not being in a place	The teacher noted the absence of three children.
2005	absorb	VERB	to take in a liquid or a gas	A sponge absorbs water.
2006	abstract	ADJ	based on ideas or shapes, not on real things	We painted abstract pictures with circles and lines.
2007	abuse	VERB	to use something wrongly, or to treat someone badly	Don't abuse the trust that people give you.
2008	academy	NOUN	a school for a special skill, such as music or dance	She goes to a dance academy on Saturdays.
2009	accelerate	VERB	to go faster	The car accelerated up the hill.
2010	accommodate	VERB	to have enough space for people	The hotel can accommodate fifty guests.
2011	accompany	VERB	to go somewhere with someone	An adult must accompany children at the pool.
2012	accomplish	VERB	to succeed in doing something	We accomplished a lot today.
2013	accountable	ADJ	responsible for what you do	We are all accountable for keeping the classroom tidy.
2014	accumulate	VERB	to gradually become more	Snow accumulated on the roof.
2015	accurate	ADJ	correct and exact	This clock is very accurate.
2016	ache	VERB	to feel a continuous pain	My feet ache after the long walk.
2017	achieve	VERB	to succeed in doing something after trying hard	You can achieve anything if you practise.
2018	acknowledge	VERB	to accept that something is true	She acknowledged that she was wrong.
2019	acquire	VERB	to get or learn something	Children acquire language by listening and playing.
2020	acquisition	NOUN	the process of getting or learning something	Language acquisition starts in the first months of life.
2021	acre	NOUN	a unit for measuring an area of land	The farm has twenty acres of land.
2022	addict	NOUN	a person who cannot stop doing or using something	My brother is a chocolate addict!
2023	adequate	ADJ	enough, or good enough	Make sure the children get adequate sleep.
2024	adjust	VERB	to change something a little so that it works better	Adjust the seat so you can reach the pedals.
2025	administration	NOUN	the work of organising and running a place	The school administration sent a letter to parents.
2026	administrative	ADJ	relating to organising and running a place	She does administrative work at the hospital.
2027	administrator	NOUN	a person who organises and runs an office or a system	The administrator answered the phone.
2028	admission	NOUN	permission to go into a place, or the price you pay to go in	Admission to the museum is free for children.
2029	adolescent	ADJ	relating to young people who are becoming adults	Adolescent children need a lot of sleep.
2030	adopt	VERB	to take a child or an animal into your family	We adopted a dog from the shelter.
2031	advocate	VERB	to say publicly that you support something	Doctors advocate daily exercise.
2032	affection	NOUN	a feeling of love or liking	The cat shows affection by rubbing against your legs.
2033	affirm	VERB	to say firmly that something is true	The teacher affirmed that the trip would go ahead.
2034	agency	NOUN	a business that provides a service	The travel agency organised our trip.
2035	agenda	NOUN	a list of things to talk about at a meeting	The first item on the agenda is the school trip.
2036	aggressive	ADJ	behaving in an angry way that may hurt others	The goose became aggressive when we came too close.
2037	agriculture	NOUN	farming	Agriculture is important in Galicia.
2038	aim	VERB	to point something towards a target	Aim the ball at the basket.
2039	aircraft	NOUN	a plane or a helicopter	Several aircraft landed at the airport.
2040	airline	NOUN	a company that carries people by plane	The airline lost our suitcase!
2041	album	NOUN	a book for photos, or a collection of songs	We put the photos in an album.
2042	alert	VERB	to warn someone about something	The barking dog alerted us to the visitor.
2043	alien	ADJ	strange and not familiar	The new food tasted alien to him.
2044	allege	VERB	to say that something is true without showing proof	The neighbour alleged that the dog had bitten him.
2045	alliance	NOUN	an agreement to work together	The two schools formed an alliance to share books.
2046	allocate	VERB	to give something for a particular purpose	The school allocated money for new books.
2047	ally	NOUN	a person or a country that supports you	My sister is my best ally.
2048	alongside	ADP	next to; beside	The ducks swam alongside our boat.
2049	alternative	NOUN	another choice	Is there an alternative to driving?
2050	amend	VERB	to make small changes to a text or a rule	The council amended the rules.
2051	analyse	VERB	to study something carefully to understand it	Scientists analyse the water from the river.
2052	analyst	NOUN	a person whose job is to study information carefully	My uncle works as a computer analyst.
2053	ancient	ADJ	very old; from a very long time ago	We visited the ancient Roman wall in Lugo.
2054	angle	NOUN	the space between two lines that meet	A square has four right angles.
2055	annual	ADJ	happening once a year	The annual school festival is in June.
2056	anticipate	VERB	to expect something to happen	We anticipate a lot of visitors this weekend.
2057	anxiety	NOUN	a feeling of worry and nervousness	Talking about worries can reduce anxiety.
2058	apology	NOUN	words that say you are sorry	He made an apology to his friend.
2059	appropriate	ADJ	right for a particular situation	Wear appropriate clothes for the weather.
2060	approve	VERB	to agree to a plan officially	The parents approved the plan for the trip.
2061	approximate	ADJ	almost correct but not exact	The approximate time of arrival is ten o'clock.
2062	archaeology	NOUN	the study of the past by looking at old objects and buildings	Archaeology helps us learn about the past.
2063	architect	NOUN	a person whose job is to design buildings	The architect designed the new library.
2064	architecture	NOUN	the style of buildings	The city has beautiful old architecture.
2065	arise	VERB	to begin to exist or happen	Problems can arise when we don't listen.
2066	armed	ADJ	carrying something to fight or to protect yourself	She came out armed with a big umbrella.
2067	aspect	NOUN	one part of a situation or a problem	Reading is an important aspect of learning.
2068	assault	NOUN	a sudden attack on someone or something	The storm made a fierce assault on the coast.
2069	assemble	VERB	to put the parts of something together	Help me assemble the new bookshelf.
2070	assembly	NOUN	a meeting of a group of people, such as all the pupils of a school	The whole school meets for assembly on Fridays.
2071	assert	VERB	to say something firmly	She asserted her right to speak.
2072	assess	VERB	to judge the size, quality or value of something	The engineer assessed the damage after the storm.
2073	asset	NOUN	something or someone useful and valuable	Her friendly smile is a real asset.
2074	assign	VERB	to give someone a job or a task	The teacher assigned a job to each child.
2075	assumption	NOUN	something that you think is true without proof	Don't make assumptions about people.
2076	athlete	NOUN	a person who is good at sports, especially running and jumping	The athlete ran very fast.
2077	atom	NOUN	the smallest part of a chemical element	Everything is made of tiny atoms.
2078	attribute	VERB	to say that something is caused by something else	She attributes her success to hard work.
2079	audience	NOUN	the people who watch or listen to a show	The audience clapped at the end of the play.
2080	audit	NOUN	an official check of an organisation's accounts	The school had an audit of its accounts.
2081	author	NOUN	a person who writes books or stories	The author signed our books.
2082	authorise	VERB	to give official permission	Parents must authorise the school trip.
2083	authority	NOUN	the power to give orders or make decisions	The head teacher has the authority to close the school.
2084	award	NOUN	a prize for doing something well	She won an award for her drawing.
2085	bacterium	NOUN	a very small living thing that can only be seen with a microscope	You need a microscope to see a single bacterium.
2086	ban	VERB	to say officially that something is not allowed	The town banned cars from the old centre.
2087	bargain	NOUN	something you buy for less than its usual price	These boots were a real bargain.
2088	barrier	NOUN	something that stops people or things from going through	A barrier stops cars from entering the park.
2089	beam	NOUN	a line of light	A beam of light shone from the lighthouse.
2090	behave	VERB	to act in a particular way	The children behaved very well on the trip.
2091	behaviour	NOUN	the way someone acts	Kind behaviour makes everyone happier.
2092	belief	NOUN	something that you think is true	It's an old belief that black cats bring bad luck.
2093	bench	NOUN	a long seat for two or more people	The old bench in the park is painted green.
2094	bias	NOUN	an unfair preference for one person or thing over another	A good judge must not show any bias.
2095	bible	NOUN	the holy book of Christians	Grandma keeps an old family Bible on the shelf.
2096	bid	VERB	to offer an amount of money for something at a sale	Two people bid for the old painting.
2097	biological	ADJ	relating to living things	Biological waste goes in the brown bin.
2098	bishop	NOUN	a senior priest in some Christian churches	The bishop visited the cathedral in Santiago.
2099	blast	VERB	to make a very loud noise	The music blasted from the speakers.
2100	blend	VERB	to mix things together	Blend the fruit to make a smoothie.
2101	boost	VERB	to increase or improve something	A good breakfast boosts your energy.
2102	border	NOUN	the line between two countries	Galicia has a border with Portugal.
2103	boundary	NOUN	a line that marks the edge of an area	The fence marks the boundary of the garden.
2104	broadcast	NOUN	a programme on radio or television	We listened to the live broadcast of the match.
2105	budget	NOUN	the amount of money you have to spend on something	We have a small budget for the party.
2106	burden	NOUN	something heavy or difficult that you have to carry or deal with	The heavy bag was a burden on the long walk.
2107	bureau	NOUN	an office that gives information or a service	Ask at the tourist information bureau.
2108	cabinet	NOUN	a cupboard with shelves or drawers	The cups are in the kitchen cabinet.
2109	campaign	NOUN	a series of planned activities to achieve something	The school started a campaign to recycle more.
2110	cancel	VERB	to decide that something will not happen	The match was cancelled because of the rain.
2111	cancer	NOUN	a serious disease in which some cells in the body grow out of control	Scientists study cancer to find better treatments.
2112	candidate	NOUN	a person who wants to be chosen for a job or a position	There are three candidates for class helper.
2113	capacity	NOUN	the largest number of people or things that a place can hold	The theatre has a capacity of 500 people.
2114	capture	VERB	to catch; or to show something well in a picture or in words	The photo captures the colours of the sunset.
2115	carbon	NOUN	a chemical element found in all living things and in coal	Trees take in carbon from the air.
2116	carve	VERB	to cut wood, stone or food into a shape	We carved a face in the pumpkin.
2117	catalogue	NOUN	a book with pictures of things you can buy	Look at the toys in the catalogue.
2118	category	NOUN	a group of things that are similar	Which category does a whale belong to?
2119	catholic	ADJ	relating to the Roman Catholic Church	Our village has an old Catholic church.
2120	cattle	NOUN	cows and bulls	The cattle are grazing in the field.
2121	cease	VERB	to stop	The rain finally ceased in the evening.
2122	celebrate	VERB	to do something enjoyable on a special day	Let's celebrate your birthday!
2123	cell	NOUN	one of the very small parts that all living things are made of	Your body is made of tiny cells.
2124	ceremony	NOUN	a formal event for a special occasion	The wedding ceremony took place in the garden.
2125	chairman	NOUN	a person who leads a meeting or an organisation	The chairman opened the meeting.
2126	chamber	NOUN	a room, especially a closed or secret one	The castle has a secret chamber.
2127	characteristic	NOUN	a typical quality or feature	Long ears are a characteristic of rabbits.
2128	charity	NOUN	an organisation that collects money or things to help people	We collected toys for a children's charity.
2129	chart	NOUN	a drawing that shows information clearly	We made a weather chart for the week.
2130	charter	NOUN	an official document that says what an organisation can do	The club has a charter with its rules.
2131	chemical	ADJ	relating to chemistry or to the substances things are made of	Mixing vinegar and baking soda causes a chemical reaction.
2132	chill	NOUN	a feeling of cold	There's a chill in the air this morning.
2133	circuit	NOUN	a path that electricity flows around	We made a simple circuit with a battery and a bulb.
2134	circulate	VERB	to move around	The fan helps the air circulate in the room.
2135	cite	VERB	to mention something as an example or as proof	The author cited an old book.
2136	civil	ADJ	relating to ordinary people, not to the army or the church	They had a civil wedding at the town hall.
2137	civilian	ADJ	relating to people who are not in the army	The plane carries civilian passengers.
2138	civilise	VERB	to teach good manners and education	The old book said that music can civilise people.
2139	clarify	VERB	to make something easier to understand	Can you clarify what you mean?
2140	clause	NOUN	a part of a sentence with its own verb	A sentence can have more than one clause.
2141	client	NOUN	a person who pays for a service, for example from a lawyer	The lawyer met her client.
2142	climate	NOUN	the usual weather in a place	Galicia has a mild, rainy climate.
2143	clinic	NOUN	a place where people go to see a doctor or a vet	The vet clinic is open on Saturdays.
2144	cluster	NOUN	a group of similar things close together	A cluster of grapes hung from the vine.
2145	coalition	NOUN	a group of people or organisations who work together	A coalition of parents asked for a new playground.
2146	code	NOUN	a set of secret numbers or letters	Type the secret code to open the door.
2147	coin	NOUN	a small round piece of metal used as money	I found a coin under the sofa.
2148	coincide	VERB	to happen at the same time	My birthday coincides with Easter this year.
2149	collaborate	VERB	to work together	The two classes collaborated on a mural.
2150	collapse	VERB	to fall down suddenly	The sandcastle collapsed when the wave came.
2151	colleague	NOUN	a person you work with	Mum had lunch with a colleague.
2152	colony	NOUN	a group of animals of the same kind that live together	Ants live in a colony.
2153	column	NOUN	a line of numbers or words, one under the other	Write the numbers in a column.
2154	combat	NOUN	fighting between people or armies	The two knights met in combat in the story.
2155	comedy	NOUN	a funny play, film or programme	We watched a funny comedy.
2156	commission	NOUN	a group of people chosen to do a particular job	The city set up a commission to plan the new park.
2157	communicate	VERB	to share information, ideas or feelings	Babies communicate by crying and smiling.
2158	communist	ADJ	relating to communism, a system in which property is owned by everyone	In history class, we learned about communist and capitalist ideas.
2159	companion	NOUN	a person or an animal that you spend a lot of time with	The dog was his faithful companion.
2160	compensate	VERB	to make up for something bad	The extra sunshine compensates for the cold.
2161	compete	VERB	to try to win against others	Twenty children will compete in the race.
2162	competent	ADJ	able to do something well	She is a competent swimmer.
2163	complaint	NOUN	a statement that something is wrong or not good enough	The shop received a complaint about the noise.
2164	complex	ADJ	having many parts; difficult to understand	The rules of the game are too complex.
2165	component	NOUN	one of the parts of something	A battery is a component of the toy car.
2166	compose	VERB	to write music	Mozart composed music as a child.
2167	compound	VERB	to make a problem worse	The rain compounded our problems on the trip.
2168	comprehensive	ADJ	including everything	The guide gives a comprehensive list of museums.
2169	comprise	VERB	to be made up of	The team comprises eleven players.
2170	compromise	VERB	to agree by each side giving up something	We compromised and shared the toy.
2171	conceive	VERB	to think of an idea or a plan	She conceived the idea for the story on a train.
2172	concept	NOUN	an idea	The concept of time is hard for young children.
2173	concert	NOUN	a performance of music	We went to a concert in the park.
2174	conclude	VERB	to end; or to decide after thinking	The concert concluded with a song for everyone.
2175	conclusion	NOUN	the end of something; or a decision after thinking	In conclusion, everyone had fun.
2176	concrete	NOUN	a hard grey building material made from cement, sand and water	The path is made of concrete.
2177	condemn	VERB	to say strongly that something is wrong	Everyone condemned the damage to the park.
2178	conduct	VERB	to lead an orchestra or a group of musicians	She conducts the school orchestra.
2179	confer	VERB	to talk together to make a decision	The teachers conferred before deciding.
2180	confess	VERB	to admit that you did something wrong	He confessed that he ate the last biscuit.
2181	confidence	NOUN	the feeling that you can do something well	Practice gives you confidence.
2182	confident	ADJ	sure that you can do something well	She is confident in the water now.
2183	confine	VERB	to keep someone or something inside a limited area	Please confine your dog to the garden.
2184	confirm	VERB	to say that something is true or certain	Please confirm that you're coming.
2185	conflict	NOUN	a serious disagreement	The teacher helps children solve conflicts calmly.
2186	confront	VERB	to face a difficult situation or person	She confronted her fear of the dark.
2187	congress	NOUN	a large formal meeting of people from an organisation	The congress of teachers met in Santiago.
2188	consent	NOUN	permission	We need your consent for the photo.
2189	consequence	NOUN	a result of something	Every action has a consequence.
2190	consequent	ADJ	happening as a result of something	The storm and the consequent flooding closed the road.
2191	conservative	ADJ	not liking changes or new ideas	My grandfather has conservative tastes in music.
2192	conserve	VERB	to save something so that it lasts longer	Turn off the lights to conserve energy.
2193	considerable	ADJ	large or important	It took a considerable amount of time.
2194	consist	VERB	to be made of particular parts	The meal consists of soup and bread.
2195	consistent	ADJ	always behaving in the same way	Be consistent with bedtime routines.
2196	constitute	VERB	to form or make up something	Twelve months constitute a year.
2197	constitution	NOUN	the set of basic laws of a country	Spain's constitution was approved in 1978.
2198	constrain	VERB	to limit	The small budget constrains our plans.
2199	construct	VERB	to build	The workers will construct a new bridge.
2200	consult	VERB	to look for information or advice	Consult the map before you go.
2201	consume	VERB	to use something such as fuel or energy	Cars consume a lot of fuel.
2202	consumption	NOUN	the amount of something that is used	Our water consumption is lower this year.
2203	contemporary	ADJ	belonging to the present time	The museum has contemporary art.
2204	contend	VERB	to have to deal with a difficult situation	Farmers contend with bad weather every year.
2205	content	NOUN	the things that are inside something	Empty the contents of your bag onto the table.
2206	contest	NOUN	a competition	She won the singing contest.
2207	context	NOUN	the situation or words around something that help you understand it	Pictures give context to the new words.
2208	continent	NOUN	one of the very large areas of land on Earth, such as Africa	Africa is a large continent.
2209	contradict	VERB	to say the opposite of what someone else has said	Don't contradict your sister all the time.
2210	contrast	NOUN	a clear difference between two things	There is a big contrast between summer and winter.
2211	controversy	NOUN	a lot of disagreement about something	The new road caused a lot of controversy.
2212	convention	NOUN	a large formal meeting of people with the same job or interest	Dad went to a convention for teachers.
2213	convert	VERB	to change something into something different	We converted the garage into a playroom.
2214	convey	VERB	to express or communicate	Music can convey emotions.
2215	convict	VERB	to decide officially in a court that someone is guilty	The court convicted the man of stealing a car.
2216	cooperate	VERB	to work together with others	Let's cooperate to tidy up.
2217	coordinate	VERB	to organise the different parts of an activity	The teacher coordinates the school play.
2218	core	NOUN	the hard centre of some fruits; the most important part	Throw the apple core in the compost bin.
2219	corporate	ADJ	relating to a large company	Her mum works in a corporate office.
2220	correlate	VERB	to be connected so that one changes with the other	Sleep and good mood often correlate.
2221	correspond	VERB	to match or be similar	The colours correspond to the days of the week.
2222	correspondent	NOUN	a journalist who reports from a particular place	The news correspondent reported from London.
2223	corridor	NOUN	a long passage inside a building with doors on each side	Walk quietly in the corridor.
2224	corrupt	ADJ	using power dishonestly, for example to get money	The corrupt official took money he should not have taken.
2225	counsel	NOUN	advice	Grandma always gives wise counsel.
2226	courage	NOUN	the ability to do something that frightens you	It takes courage to jump into the cold sea.
2227	craft	NOUN	an activity in which you make things with your hands	Pottery is an old craft.
2228	crew	NOUN	the people who work on a ship or a plane	The ship's crew waved at us.
2229	crisis	NOUN	a time of great difficulty or danger	The flood caused a crisis in the town.
2230	criteria	NOUN	the standards used to judge or decide something	What are the criteria for the drawing prize?
2231	critic	NOUN	a person whose job is to give opinions about books, films or art	The film critic liked the new movie.
2232	criticise	VERB	to say what is wrong with someone or something	Don't criticise your friends' drawings.
2233	criticism	NOUN	words that say what is wrong with something	She listened to the criticism calmly.
2234	crop	NOUN	a plant grown by farmers for food	The farmers harvest the crops in autumn.
2235	crucial	ADJ	extremely important	Sleep is crucial for young children.
2236	cruise	VERB	to travel slowly and comfortably, often by ship	The ship cruised along the coast.
2237	crush	VERB	to press something so hard that it breaks or loses its shape	Crush the garlic with a spoon.
2238	crystal	NOUN	a small hard piece of a substance with a regular shape	Salt is made of tiny crystals.
2239	currency	NOUN	the money used in a country	The euro is the currency of Spain.
2240	curriculum	NOUN	the subjects that are taught in a school	Music is part of the school curriculum.
2241	curtain	NOUN	a piece of cloth that hangs over a window	Open the curtains and let the sun in.
2242	curve	NOUN	a line that bends smoothly	The road has a sharp curve near the beach.
2243	custom	NOUN	something that people usually do in a particular place or time	It's a custom to eat twelve grapes on New Year's Eve in Spain.
2244	cycle	NOUN	a series of events that happen again and again in the same order	The life cycle of a butterfly has four stages.
2246	damp	ADJ	a little wet	Dry the damp towels in the sun.
2247	data	NOUN	facts and numbers collected to study something	The scientists collected data about the birds.
2248	database	NOUN	a large amount of information stored in a computer	The library has a database of all its books.
2249	debate	NOUN	a discussion in which people give different opinions	The class had a debate about school uniforms.
2250	decade	NOUN	a period of ten years	This house has been ours for a decade.
2251	declare	VERB	to say something officially	The teacher declared the race a draw.
2252	decline	VERB	to become less or worse	The number of bees has declined.
2253	decrease	VERB	to become smaller in number or amount	The temperature decreases at night.
2254	dedicate	VERB	to say that something you have made is for someone	She dedicated the song to her mum.
2255	defeat	VERB	to win against someone	Our team defeated the champions!
2256	defend	VERB	to protect someone or something	The goalkeeper defends the goal.
2257	defendant	NOUN	the person in a court case who is accused of something	The defendant listened to the judge.
2258	deficit	NOUN	the amount by which money spent is more than money received	The company has a deficit this year.
2259	define	VERB	to say exactly what a word means	Can you define the word brave?
2260	delay	VERB	to make something late	The train was delayed by the snow.
2261	delegate	VERB	to give part of your work to someone else	The head teacher delegated the task to her deputy.
2262	deliberate	ADJ	done on purpose	It was a deliberate choice, not an accident.
2263	democracy	NOUN	a system in which people choose their government by voting	In a democracy, people vote for their leaders.
2264	democrat	NOUN	a person who believes in democracy	She is a true democrat who listens to everyone.
2265	demonstrate	VERB	to show how to do something	The teacher demonstrated how to plant a seed.
2266	dense	ADJ	thick and difficult to see or go through	The fog was so dense that we couldn't see the boats.
2267	depict	VERB	to show someone or something in a picture	The painting depicts a busy harbour.
2268	deposit	VERB	to put something somewhere	Deposit your coins in the box.
2269	deputy	NOUN	the person who helps the leader and takes their place when needed	The deputy head teacher runs the assembly.
2270	derive	VERB	to come from something	Many English words derive from Latin.
2271	descend	VERB	to go down	The plane began to descend.
2272	description	NOUN	words that say what someone or something is like	Give a description of your pet.
2273	designate	VERB	to choose something for a particular purpose	This area is designated for picnics.
2274	despite	ADP	without being stopped by	We went to the beach despite the rain.
2275	destruction	NOUN	great damage	The storm caused great destruction.
2276	devastate	VERB	to damage something very badly	The fire devastated the forest.
2277	device	NOUN	a machine or a tool that does a particular job	A phone is a small electronic device.
2278	devote	VERB	to give your time or energy to something	She devotes her weekends to her garden.
2279	dialogue	NOUN	a conversation in a book, a play or a lesson	Read the dialogue with a partner.
2280	dictate	VERB	to say words for someone else to write down	The teacher dictated a short sentence.
2281	differ	VERB	to be different	The twins differ in many ways.
2282	digital	ADJ	showing information as numbers, or using computers	We have a digital clock in the kitchen.
2283	dimension	NOUN	a measurement such as length, width or height	Measure the dimensions of the box.
2284	diplomat	NOUN	a person who represents their country in another country	The diplomat works at the embassy.
2285	disabled	ADJ	having a condition that makes some activities difficult	The new playground is accessible for disabled children.
2286	disagree	VERB	to have a different opinion	It's OK to disagree politely.
2287	disaster	NOUN	something very bad that happens; or a complete failure	The party was a disaster: it rained all day!
2288	disc	NOUN	a flat round object, for example one that stores music	Put the disc in the player.
2289	discharge	NOUN	the act of letting something out, such as a liquid or a gas	The discharge of waste into the river is not allowed.
2290	discount	NOUN	a reduction in the usual price	Children get a discount at the museum.
2291	discourse	NOUN	serious speech or writing about a subject	Political discourse is often very formal.
2292	discreet	ADJ	careful not to tell secrets	Please be discreet about the surprise party.
2293	discriminate	VERB	to treat someone unfairly because they are different	It's wrong to discriminate against people because of where they come from.
2294	dismiss	VERB	to send people away, or to let them leave	The teacher dismissed the class at three o'clock.
2295	disorder	NOUN	a state of being untidy; also an illness	The playroom was in complete disorder.
2296	display	VERB	to put something where people can see it	We display our drawings on the wall.
2297	dispose	VERB	to get rid of something (dispose of)	Dispose of the batteries in the special bin.
2298	dispute	VERB	to say that something is not true or not right	Nobody disputes that she's the fastest runner.
2299	disrupt	VERB	to stop something from continuing normally	The storm disrupted the train service.
2300	distant	ADJ	far away	We could hear distant thunder.
2301	distinct	ADJ	clearly different	The two birds have distinct songs.
2302	distinguish	VERB	to see or understand the difference between things	Can you distinguish a crow from a raven?
2303	distribute	VERB	to give things to several people	The teacher distributed the paints to each table.
2304	diverse	ADJ	very different from each other	Our class is diverse: we speak five languages.
2305	division	NOUN	the act of dividing, for example dividing numbers in maths	We are learning simple division with sweets.
2306	dna	NOUN	the substance in cells that carries information about a living thing	Your DNA comes from both of your parents.
2307	doctrine	NOUN	a set of beliefs taught by a religion or a political group	The book explains the doctrine of the early church.
2308	document	NOUN	an official paper with information on it	Keep your documents in a safe place.
2309	domestic	ADJ	relating to the home; kept by people as pets or on farms	Cats and dogs are domestic animals.
2310	dominant	ADJ	the strongest or most important	The dominant colour in the painting is blue.
2311	dominate	VERB	to be the largest or most important part of something	Tall trees dominate the forest.
2312	donate	VERB	to give something to help people	We donated old toys to the charity.
2313	dose	NOUN	the amount of medicine that you take at one time	Take one dose of the medicine after dinner.
2314	draft	VERB	to write the first version of something	We drafted a letter to the mayor.
2315	drain	VERB	to let the water run out of something	Drain the pasta in a colander.
2316	drift	VERB	to move slowly, carried by water or air	The boat drifted slowly out to sea.
2317	drill	VERB	to make a hole with a special tool	Dad drilled a hole in the wall.
2318	duke	NOUN	a man of very high rank in some countries	The duke lived in a grand castle.
2319	eager	ADJ	wanting to do something very much	The children are eager to go outside.
2320	eastern	ADJ	in or from the east	The sun rises in the eastern sky.
2321	echo	VERB	to repeat a sound by bouncing it back	Our voices echoed in the cave.
2322	edition	NOUN	one of the forms in which a book or a newspaper is published	This is a new edition of the book.
2323	effective	ADJ	working well and giving the result you want	Washing your hands is an effective way to stop germs.
2324	efficient	ADJ	working well without wasting time or energy	This new heater is very efficient.
2325	elaborate	ADJ	having many parts or details	She made an elaborate costume for the carnival.
2326	electronic	ADJ	using electricity and small parts like computer chips	Please switch off all electronic devices.
2327	element	NOUN	a part of something	Music is an important element of the party.
2328	elevate	VERB	to lift something to a higher position	Elevate your leg on a cushion.
2329	eliminate	VERB	to remove someone or something completely	Our team was eliminated in the first round.
2330	elite	NOUN	the best or most powerful people in a group	Only the elite of the sport compete in the Olympics.
2331	embrace	VERB	to hug someone; also to accept an idea	The grandparents embraced the children at the station.
2332	emerge	VERB	to come out from somewhere	A butterfly emerged from the chrysalis.
2333	emergency	NOUN	a sudden dangerous situation that needs action quickly	In an emergency, call 112.
2334	emit	VERB	to send out light, heat, sound or gas	Fireflies emit light.
2335	emphasis	NOUN	special importance	The school puts emphasis on reading.
2336	emphasise	VERB	to show that something is especially important	The teacher emphasised the importance of sharing.
2337	enable	VERB	to make someone able to do something	Glasses enable her to see clearly.
2338	encounter	VERB	to meet someone or something, often by chance	We encountered a hedgehog on the path.
2339	endorse	VERB	to say publicly that you support something	The doctors endorse the new healthy menu.
2340	endure	VERB	to suffer something difficult for a long time	Penguins can endure very cold weather.
2341	enforce	VERB	to make people obey a rule	The lifeguard enforces the pool rules.
2342	enhance	VERB	to make something better	Lemon juice enhances the flavour of fish.
2343	ensure	VERB	to make certain	Please ensure that the gate is closed.
2344	enterprise	NOUN	a business	The bakery is a small family enterprise.
2345	enthusiasm	NOUN	a strong feeling of interest and excitement	She started the new project with great enthusiasm.
2346	enthusiastic	ADJ	very interested and excited	The class was enthusiastic about the trip.
2347	entitle	VERB	to give someone the right to have or do something	Your ticket entitles you to a free drink.
2348	entrance	NOUN	a door or gate where you go in	Meet me at the entrance of the park.
2349	entry	NOUN	something written in a diary, a list or a dictionary	There is a new entry in the class diary every day.
2350	episode	NOUN	one part of a story on TV or the radio	We watched an episode of our favourite cartoon.
2351	equation	NOUN	a statement in maths that two amounts are equal	Two plus two equals four is a simple equation.
2352	equivalent	NOUN	something that has the same value or meaning	One kilometre is the equivalent of 1,000 metres.
2353	era	NOUN	a long period of time in history	The dinosaurs lived in a different era.
2354	error	NOUN	a mistake	There is an error in the sum.
2355	essay	NOUN	a short piece of writing about a subject	My sister wrote an essay about the sea.
2356	essential	ADJ	completely necessary	Water is essential for life.
2357	estimate	VERB	to guess an amount or a size	Estimate how many beans are in the jar.
2358	etc	X	and so on	Bring your coat, your hat, your boots, etc.
2359	ethnic	ADJ	relating to a group of people with the same culture or origin	Our class has children from many ethnic backgrounds.
2360	evaluate	VERB	to judge how good or valuable something is	The judges evaluate each painting.
2361	evident	ADJ	clear and easy to see	It was evident that the puppy was hungry.
2362	evolution	NOUN	the slow change of living things over a very long time	Evolution explains how living things change over time.
2363	evolve	VERB	to develop or change slowly	Languages evolve over time.
2364	exceed	VERB	to be more than a limit	Don't exceed the speed limit.
2365	exception	NOUN	something that does not follow the usual rule	Every rule has an exception.
2366	excess	NOUN	more than is needed	Wipe off the excess paint.
2367	exclude	VERB	to not let someone or something take part	Don't exclude anyone from the game.
2368	exclusive	ADJ	only for certain people	The hotel has an exclusive beach for guests.
2369	execute	VERB	to perform something planned or difficult	The gymnast executed a perfect jump.
2370	executive	NOUN	a person with an important job in a company	Her aunt is an executive at a big company.
2371	exhibit	VERB	to show things in a museum or a gallery	The museum exhibits old fishing boats.
2372	expand	VERB	to become bigger	Balloons expand when you blow into them.
2373	expansion	NOUN	the process of becoming bigger	The expansion of the library gave us more space.
2374	expenditure	NOUN	the money that is spent	The school's expenditure on books has grown.
2375	experiment	NOUN	a scientific test to learn something	We did an experiment with ice and salt.
2376	expert	NOUN	a person who knows a lot about something	She is an expert on birds.
2377	explicit	ADJ	clear and exact	The instructions were clear and explicit.
2378	exploit	VERB	to use someone unfairly for your own advantage	The company was criticised for exploiting its workers.
2379	explore	VERB	to travel around a place to learn about it	Let's explore the rock pools.
2380	explosion	NOUN	a sudden loud bang when something bursts	We heard the explosion of the fireworks.
2381	export	VERB	to sell things to another country	Galicia exports a lot of fish.
2382	extension	NOUN	a new room or part added to a building	We built an extension at the back of the house.
2383	extensive	ADJ	covering a large area	The park has extensive gardens.
2384	extent	NOUN	how big or important something is	We don't know the extent of the damage yet.
2385	external	ADJ	on the outside	The external walls are painted white.
2386	extract	VERB	to take something out	The dentist extracted a tooth.
2387	extraordinary	ADJ	very unusual and surprising	We saw an extraordinary rainbow.
2388	fabric	NOUN	cloth	This fabric is soft and warm.
2389	facilitate	VERB	to make something easier	Pictures facilitate understanding.
2390	facility	NOUN	a building or place for a particular activity	The new sports facility has a pool.
2391	factor	NOUN	one of the things that cause or influence something	The weather is an important factor in our plans.
2392	factory	NOUN	a building where things are made by machines	The factory makes bicycles.
2393	faculty	NOUN	a natural ability of the body or mind, such as speech	Language is a human faculty.
2394	fade	VERB	to slowly lose colour or brightness	The colours of the old photo have faded.
2395	failure	NOUN	a lack of success	Failure is part of learning.
2396	false	ADJ	not true	Is this sentence true or false?
2397	fantasy	NOUN	a story or an idea that is very imaginative and not real	The story is a fantasy about dragons.
2398	fate	NOUN	the things that happen to someone that they cannot control	In the story, the princess accepted her fate.
2399	federal	ADJ	having a central government and regions with their own governments	Germany is a federal country.
2400	fee	NOUN	money that you pay for a service	There is no entrance fee for children.
2401	feminist	NOUN	a person who believes women and men should have equal rights	My aunt is a feminist who works for equal rights.
2402	fertile	ADJ	able to produce good crops or plants	The soil in the valley is very fertile.
2403	festival	NOUN	a special event with music, food or other activities	The town has a music festival in summer.
2404	fibre	NOUN	a thin thread; also the part of food that helps you digest it	Fruit and vegetables contain fibre.
2405	fiction	NOUN	stories about imaginary people and events	This book is fiction, not a true story.
2406	fierce	ADJ	very strong; also angry and frightening	The fierce wind blew the umbrella away.
2407	filter	VERB	to pass a liquid or air through something that removes dirt	The coffee machine filters the water.
2408	firms	NOUN	companies or businesses	Many firms in the city make car parts.
2409	flavour	NOUN	the taste of food or drink	This yoghurt has a banana flavour.
2410	flee	VERB	to run away from danger	The birds flee when the cat comes near.
2411	flesh	NOUN	the soft part of a body or a fruit	The flesh of a peach is soft and juicy.
2412	flexible	ADJ	able to change easily	Our plans for the weekend are flexible.
2413	focus	NOUN	the main thing that people pay attention to	The focus of today's lesson is the sea.
2414	forecast	VERB	to say what will probably happen, especially with the weather	They forecast rain for tomorrow.
2415	formal	ADJ	serious and official, not relaxed	Wear formal clothes for the wedding.
2416	format	VERB	to arrange text or data in a particular way	Format the text so it's easy to read.
2417	formation	NOUN	the way people or things are arranged together	The birds flew in a V formation.
2418	former	ADJ	in the past, but not now	The former teacher came to visit.
2419	formula	NOUN	a group of letters or numbers that shows a rule in maths or science	Water has the formula H2O.
2420	foster	VERB	to help something develop	Reading together fosters a love of books.
2421	foundation	NOUN	the base of a building, under the ground	The house has strong foundations.
2422	founded	VERB	past form of found: started a school, a town or an organisation	The school was founded a hundred years ago.
2423	fragment	NOUN	a small piece of something broken	We found a fragment of an old plate in the sand.
2424	framework	NOUN	a set of ideas or rules used to plan something	The curriculum gives teachers a framework for planning.
2425	frequency	NOUN	how often something happens	The buses run with a high frequency: one every ten minutes.
2426	frequent	ADJ	happening often	There are frequent buses to the beach in summer.
2427	fuel	NOUN	something that is burned to give heat or energy, such as petrol or wood	Cars need fuel to run.
2428	fulfil	VERB	to do what you hoped or promised to do	She fulfilled her dream of visiting Paris.
2429	function	NOUN	the job that something does	The function of a roof is to keep the rain out.
2430	fundamental	ADJ	very important and basic	Play is fundamental for children's learning.
2431	funeral	NOUN	a ceremony to say goodbye to a person after their life has ended	Many people wore black at the funeral.
2432	furthermore	ADV	also; in addition	The park is big; furthermore, it's free.
2433	gallery	NOUN	a building or room where people can look at art	We saw paintings by children at the gallery.
2434	gang	NOUN	a group of friends; or a group of people who cause trouble	The whole gang of cousins came to the beach.
2435	gap	NOUN	an empty space between two things	There's a gap in the fence.
2436	gaze	VERB	to look at something for a long time	We gazed at the stars.
2437	gender	NOUN	the group a word belongs to in some languages, such as masculine or feminine	Galician nouns have a gender: masculine or feminine.
2438	gene	NOUN	a part of a cell that controls features passed from parents to children	Eye colour depends on your genes.
2439	generate	VERB	to produce or create something	Windmills generate electricity.
2440	generous	ADJ	happy to give and share	It was generous of you to share your sweets.
2441	genetic	ADJ	relating to genes, passed from parents to children	Eye colour is genetic.
2442	genuine	ADJ	real; not a copy	Is this a genuine gold ring?
2443	geography	NOUN	the study of the Earth, its countries, rivers and mountains	In geography, we learn about rivers and mountains.
2444	gesture	NOUN	a movement of your hands or head that shows a meaning	Waving is a gesture that means hello.
2445	global	ADJ	relating to the whole world	Climate change is a global problem.
2446	glow	VERB	to give out a soft light	The moon glowed in the dark sky.
2447	goods	NOUN	things that are made to be sold	The ship carries goods to many countries.
2448	gradual	ADJ	happening slowly over a long time	There was a gradual change in the weather.
2449	graduate	VERB	to finish your studies at a university or a school	My sister will graduate from university in June.
2450	grain	NOUN	a very small piece of something, such as sand or salt	There's a grain of sand in my shoe.
2451	graphic	ADJ	relating to drawing and design	She is studying graphic design.
2452	grasp	VERB	to take hold of something firmly	The baby grasped my finger.
2453	grateful	ADJ	feeling thankful	I'm grateful for your help.
2454	grave	NOUN	a place in the ground where a person is buried	We put flowers on grandpa's grave.
2455	gravity	NOUN	the force that makes things fall to the ground	Gravity makes things fall to the ground.
2456	greet	VERB	to say hello to someone	Greet your friends with a smile.
2457	grip	VERB	to hold something tightly	Grip the handle tightly.
2458	gross	ADJ	total, before anything is taken away	Her gross salary is higher than what she takes home.
2459	guideline	NOUN	advice about how to do something	Follow the safety guidelines at the pool.
2460	guitar	NOUN	a musical instrument with six strings	Dad plays the guitar.
2461	halt	VERB	to stop	The bus halted at the red light.
2462	harbor	NOUN	a sheltered area of water where ships stay (British spelling: harbour)	The fishing boats are back in the harbor.
2463	harsh	ADJ	very difficult or unpleasant	The winter was harsh in the mountains.
2464	hazard	NOUN	something that can be dangerous	Wet floors are a hazard.
2465	headquarters	NOUN	the main office of an organisation	The company's headquarters are in Madrid.
2466	heal	VERB	to become healthy again	The cut on my knee healed quickly.
2467	heel	NOUN	the back part of your foot	My shoe rubs my heel.
2468	hence	ADV	for this reason	It's raining, hence the umbrellas.
2469	heritage	NOUN	the traditions and buildings that a society has from its past	The old town is part of our heritage.
2470	highlight	VERB	to mark words with bright colour so that people notice them	Highlight the new words in yellow.
2471	highway	NOUN	a main road	We drove along the highway to Porto.
2472	hint	VERB	to say something in an indirect way	She hinted that there was a surprise.
2473	hip	NOUN	one of the two sides of the body below the waist	Put your hands on your hips.
2474	holy	ADJ	connected with God or religion	Santiago is a holy city for many pilgrims.
2475	horror	NOUN	a strong feeling of shock and fear	She watched in horror as the ice cream fell on the floor.
2476	host	NOUN	a person who invites guests	Our host made us feel at home.
2477	hostile	ADJ	unfriendly and angry	The cat was hostile to the new puppy.
2478	household	NOUN	all the people who live in a house	Every household received a letter from the council.
2479	humour	NOUN	the ability to be funny or to enjoy funny things	Grandpa has a great sense of humour.
2480	hypothesis	NOUN	an idea that you test to see if it is true	Our hypothesis is that the ice will melt faster in the sun.
2481	ideal	ADJ	perfect	The weather is ideal for flying kites.
2482	ideology	NOUN	a set of ideas, especially about politics	Each party has its own ideology.
2483	immigrant	NOUN	a person who comes to live in a different country	Many immigrants came to work in the city.
2484	immune	ADJ	relating to the body's protection against illness	Your immune system helps your body fight germs.
2485	impact	NOUN	a strong effect	The new park had a big impact on the neighbourhood.
2486	imperial	ADJ	relating to an empire	The imperial palace is now a museum.
2487	implement	VERB	to make a plan or a decision start to work	The school implemented a new reading plan.
2488	implicate	VERB	to show that someone is involved in something bad	The evidence implicated the cat in the missing fish mystery.
2489	imply	VERB	to suggest something without saying it directly	Are you implying that I'm late?
2490	import	NOUN	something brought into a country from another country	Bananas are an import from warmer countries.
2491	importance	NOUN	the quality of being important	We talked about the importance of sleep.
2492	impose	VERB	to make a rule that people must obey	The town imposed a ban on fireworks.
2493	impression	NOUN	the opinion or feeling you have about someone or something	She made a good impression on her first day.
2494	incentive	NOUN	something that encourages you to do something	A sticker is a nice incentive for tidying up.
2495	incident	NOUN	something that happens, often something unusual or unpleasant	There was a small incident in the playground.
2496	incorporate	VERB	to include something as part of something else	The teacher incorporated music into the lesson.
2497	independence	NOUN	the ability to do things without help	Children gain independence step by step.
2498	independent	ADJ	able to do things without help	She is very independent for her age.
2499	index	NOUN	a list at the end of a book that shows where things are	Look up dinosaurs in the index.
2500	inevitable	ADJ	certain to happen	Mess is inevitable when children paint.
2501	infant	NOUN	a baby or a very young child	The infant slept in her mother's arms.
2502	infect	VERB	to give an illness to someone	Wash the cut so it doesn't get infected.
2503	inflate	VERB	to fill something with air	Inflate the balloons for the party.
2504	ingredient	NOUN	one of the foods that you mix to make a dish	Flour is the main ingredient of bread.
2505	inhabit	VERB	to live in a place	Many birds inhabit the island.
2506	inherit	VERB	to get something from your parents or older relatives	She inherited her grandmother's curly hair.
2507	initial	ADJ	at the beginning; first	My initial idea was to paint the sea.
2508	initiate	VERB	to start something	The teacher initiated a new game.
2509	inject	VERB	to put a medicine into the body with a needle	The nurse injected the vaccine into my arm.
2510	innovate	VERB	to introduce new ideas or methods	Companies must innovate to succeed.
2511	input	NOUN	information, ideas or language that you receive	Children need lots of language input.
2512	inquire	VERB	to ask for information	Call the office to inquire about the timetable.
2513	insert	VERB	to put something into something else	Insert a coin to start the ride.
2514	insight	NOUN	a clear understanding of something	The book gives an insight into life on a farm.
2515	inspire	VERB	to give someone the wish or the idea to do something	Nature inspires many artists.
2516	install	VERB	to put something in place so that it is ready to use	We installed a bird feeder in the garden.
2517	instinct	NOUN	a natural way of behaving that you do not learn	Birds build nests by instinct.
2518	institute	VERB	to start a rule or a system	The school instituted a new reading hour.
2519	institution	NOUN	an important organisation, such as a school or a hospital	The library is an important institution in our town.
2520	integrate	VERB	to become part of a group	The new children quickly integrated into the class.
2521	intellectual	ADJ	relating to the ability to think and understand	Puzzles are good for intellectual development.
2522	intelligence	NOUN	the ability to learn and understand	Crows show great intelligence.
2523	interact	VERB	to communicate and do things with others	Children interact with each other through play.
2524	interfere	VERB	to get involved in something that is not your business	Please don't interfere when they're solving it themselves.
2525	interior	NOUN	the inside of something	The interior of the house is painted white.
2526	internal	ADJ	inside	The heart is an internal organ.
2527	international	ADJ	involving different countries	Our school has an international festival.
2528	interpret	VERB	to explain or understand the meaning of something	Can you interpret this map?
2529	intervene	VERB	to get involved to stop or change a situation	The teacher intervened when the argument got loud.
2530	intimate	ADJ	private and close	We had an intimate family dinner.
2531	invasion	NOUN	the act of entering a place in large numbers, often by force	There was an invasion of ants in the kitchen!
2532	invent	VERB	to make or think of something new	Who invented the telephone?
2533	invest	VERB	to put money into something to make a profit	They invested money in a new boat.
2534	irony	NOUN	saying the opposite of what you mean, often to be funny	There is a lot of irony in his jokes.
2535	isolate	VERB	to separate someone or something from others	The snow isolated the village for three days.
2536	jail	NOUN	a building where people are kept as a punishment	In the board game, you go to jail if you land on that square.
2537	jet	NOUN	a fast plane	A jet flew high over the city.
2538	joint	ADJ	shared or done together	The two classes made a joint mural.
2539	journal	NOUN	a book in which you write what happens each day	She writes in her journal every night.
2540	journalist	NOUN	a person who writes news for newspapers, television or radio	The journalist wrote about our school garden.
2541	jury	NOUN	a group of people who decide something, such as the winner of a contest	The jury chose the best painting.
2542	justify	VERB	to give a good reason for something	Can you justify your answer?
2543	label	VERB	to put a small piece of paper with information on something	Label your boxes with your name.
2544	landscape	NOUN	everything you can see when you look across an area of land	The landscape around the river is beautiful.
2545	latter	ADJ	the second of two things that you have mentioned	Of the two books, I prefer the latter one.
2546	laughter	NOUN	the sound of people laughing	The room filled with laughter.
2547	launch	VERB	to put a boat into the water, or to start something new	They launched a new boat in the harbour.
2548	layer	NOUN	a level of something that covers a surface or lies between others	The cake has three layers of cream.
2549	leak	NOUN	a small hole through which liquid or gas gets out	There's a leak in the roof.
2550	lease	VERB	to rent a building or land for a long time	They leased a shop in the old town.
2551	leather	NOUN	animal skin made into a material for shoes and bags	These boots are made of leather.
2552	lecture	NOUN	a talk to a group of people about a subject	The professor gave a lecture about whales.
2553	legend	NOUN	an old story that may not be true	There is a legend about a city under the lake.
2554	legislate	VERB	to make laws	Parliament legislates on education.
2555	legitimate	ADJ	fair and reasonable; allowed by law	That's a legitimate question.
2556	liable	ADJ	likely to do or to have something	The path is liable to flood after heavy rain.
2557	liberal	NOUN	a person who supports freedom and change in politics and society	The newspaper interviewed a liberal and a conservative.
2558	liberate	VERB	to set someone or something free	The firefighters liberated the cat from the drainpipe.
2559	liberty	NOUN	the freedom to live and act as you want	Birds in the wild have the liberty to fly anywhere.
2560	likeness	NOUN	the quality of looking similar	There's a strong likeness between the two sisters.
2561	link	VERB	to connect things	Link each picture with its word.
2562	liquid	ADJ	in the form of a liquid, like water	Mix the liquid ingredients first.
2563	literal	ADJ	meaning exactly what the words say	The literal meaning of the word is different.
2564	literary	ADJ	relating to literature	The town holds a literary festival.
2565	literature	NOUN	books, poems and plays, especially good ones	Galician literature has many great poets.
2566	lobby	NOUN	the large entrance hall of a building such as a hotel	Wait for us in the hotel lobby.
2567	lodge	VERB	to stay in someone's house and pay rent	The students lodge with a local family.
2568	logic	NOUN	a way of thinking carefully and clearly	Puzzles help develop logic.
2569	loyal	ADJ	always supporting a person, a group or an idea	The dog is loyal to its family.
2570	luxury	NOUN	something expensive or special that you do not really need	A hot bath is a real luxury.
2571	magnet	NOUN	a piece of metal that pulls iron towards it	The magnet picks up the paper clips.
2572	majority	NOUN	more than half of a group	The majority of the class wanted pizza.
2573	manifest	VERB	to show clearly	Her love of music manifested itself early.
2574	manipulate	VERB	to move or use something with your hands	Children learn when they manipulate real objects.
2575	manual	NOUN	a book that explains how to use or do something	Read the manual before you use the machine.
2576	manufacture	VERB	to make goods in a factory	This company manufactures toys.
2577	margin	NOUN	the empty space at the side of a page	Write your notes in the margin.
2578	marine	ADJ	relating to the sea	Dolphins are marine animals.
2579	mature	ADJ	behaving in a sensible adult way	She is very mature for her age.
2580	mayor	NOUN	the person who leads a town or a city	The mayor opened the new library.
2581	meanwhile	ADV	at the same time	Mum cooked dinner; meanwhile, we set the table.
2582	mechanic	NOUN	a person whose job is to repair vehicles or machines	The bike mechanic changed my tyre.
2583	mechanism	NOUN	a set of moving parts in a machine	The clock has a simple mechanism inside.
2584	media	NOUN	television, radio, newspapers and the internet	The news was in all the media.
2585	medium	NOUN	a way of communicating information	Television is a powerful medium.
2586	menu	NOUN	a list of the food you can choose in a restaurant	Look at the menu and choose a dish.
2587	mere	ADJ	only; no more than	The beach is a mere five minutes away.
2588	merge	VERB	to join together to make one thing	The two rivers merge near the sea.
2589	method	NOUN	a way of doing something	This is an easy method for making bread.
2590	migrate	VERB	to move to another place at a particular time of year	Swallows migrate to Africa in autumn.
2591	mild	ADJ	not very strong, cold or severe	The winter in Vigo is mild.
2592	miner	NOUN	a person who works under the ground to get coal or metals	The miner worked deep under the ground.
2593	minimum	ADJ	the smallest that is possible or allowed	The minimum age for the ride is six.
2594	ministry	NOUN	a government department	Her aunt works for the Ministry of Health.
2595	missile	NOUN	an object that is thrown or fired through the air	The snowball became a missile in the snowball fight.
2596	mixture	NOUN	things mixed together	Pour the mixture into the cake tin.
2597	mobile	ADJ	able to move or be moved easily	The mobile library visits the villages on Mondays.
2598	mode	NOUN	a way of working or doing something	Switch the phone to silent mode.
2599	moderate	ADJ	not too much and not too little	Do moderate exercise every day.
2600	modest	ADJ	not talking much about your own successes	She is modest about her prizes.
2601	modify	VERB	to change something a little	You can modify the game to make it easier.
2602	module	NOUN	one of the separate parts of a course or a machine	The course has six modules.
2603	molecule	NOUN	the smallest unit of a substance, made of atoms	A water molecule has three atoms.
2604	monitor	VERB	to watch or check something regularly	The nurse monitors the baby's temperature.
2605	monster	NOUN	a big, strange and often frightening creature in stories	The friendly monster in the book loves cookies.
2606	moral	ADJ	relating to what is right and wrong	The story has a moral lesson about sharing.
2607	moreover	ADV	also; in addition	The flat is small; moreover, it's noisy.
2608	mortal	ADJ	not able to live for ever	In the myths, the heroes were mortal, but the gods were not.
2609	mortgage	NOUN	money borrowed from a bank to buy a house	Many families pay a mortgage for their home.
2610	motion	NOUN	movement	The gentle motion of the boat made me sleepy.
2611	motive	NOUN	a reason for doing something	Her motive for running was to help her friend.
2612	multiple	ADJ	many	There are multiple ways to solve this puzzle.
2613	museum	NOUN	a building where people can look at interesting old or valuable things	We saw dinosaur bones at the museum.
2614	mutual	ADJ	felt or done by two or more people towards each other	Respect must be mutual.
2615	myth	NOUN	a very old story about gods and heroes	In the Greek myth, Icarus flew too close to the sun.
2616	naked	ADJ	not wearing clothes; not covered	Newborn mice are naked: they have no fur.
2617	narrate	VERB	to tell a story	Grandpa narrates the story with funny voices.
2618	negative	ADJ	thinking about the bad side of things	Don't be so negative: it will be fun!
2619	neglect	VERB	to not give enough care or attention to something	Don't neglect your plants in summer.
2620	negotiate	VERB	to talk to reach an agreement	The children negotiated who would go first.
2621	net	ADJ	remaining after costs or packaging are taken away	The net weight of the coffee is 250 grams.
2622	network	NOUN	a system of connected lines, people or things	The city has a good network of bike lanes.
2623	neutral	ADJ	not supporting either side in a disagreement or a competition	The referee must stay neutral during the match.
2624	nevertheless	ADV	in spite of that	It was raining; nevertheless, we went for a walk.
2625	nod	VERB	to move your head up and down	Nod your head if you agree.
2626	nominate	VERB	to suggest someone for a job or a prize	The class nominated two children as helpers.
2627	notion	NOUN	an idea or a belief	I had no notion of how big the ship was.
2628	novel	NOUN	a long story in a book	My mum is reading a long novel.
2629	nuclear	ADJ	relating to the energy released when atoms split or join	The sun's energy comes from nuclear reactions.
2630	numerous	ADJ	many	There are numerous birds on the island.
2631	objected	VERB	past form of object: said that you did not agree	Nobody objected to the plan.
2632	objective	NOUN	something that you plan to achieve	Our objective is to finish the puzzle today.
2633	oblige	VERB	to make someone do something because of a rule or a law	The rules oblige everyone to wear a helmet.
2634	obtain	VERB	to get something	You can obtain a library card for free.
2635	occupation	NOUN	a job	What is your occupation?
2636	occupy	VERB	to keep someone busy	Drawing will occupy the children for an hour.
2637	ocean	NOUN	a very large sea	Whales live in the ocean.
2638	offence	NOUN	an illegal action; also a feeling of being upset	It's an offence to leave rubbish on the beach.
2639	offend	VERB	to make someone upset or angry	I didn't mean to offend you.
2640	opera	NOUN	a play in which the words are sung	We went to see an opera in Santiago.
2641	opponent	NOUN	the person or team you play against	Shake hands with your opponent after the game.
2642	oral	ADJ	spoken, not written	The children gave an oral presentation about animals.
2643	organ	NOUN	a part of the body with a special job, such as the heart or the skin	The skin is the largest organ of the body.
2644	organic	ADJ	grown without artificial chemicals	We buy organic vegetables at the market.
2645	oriented	ADJ	aimed at a particular group of people	The museum has a family-oriented exhibition.
2646	origin	NOUN	the place or point where something begins	The origin of the word is Latin.
2647	outcome	NOUN	the result of something	We don't know the outcome of the match yet.
2648	outline	VERB	to draw the outside edge of something	Outline the drawing in black.
2649	output	NOUN	the amount of something that is produced	The factory's output doubled this year.
2650	outrage	NOUN	a strong feeling of anger and shock	There was outrage when the old tree was cut down.
2651	overall	ADJ	including everything	The overall cost of the trip is low.
2652	overcome	VERB	to succeed in dealing with a problem or a fear	She worked hard to overcome her fear of water.
2653	overlook	VERB	to not notice something	Don't overlook the small details.
2654	overseas	ADV	in or to another country across the sea	My uncle works overseas.
2655	overwhelm	VERB	to be too much for someone	Too much noise can overwhelm young children.
2656	pace	NOUN	the speed at which someone walks or does something	Walk at your own pace.
2657	pad	NOUN	sheets of paper fixed together at one edge	Write the shopping list on a notepad.
2658	palace	NOUN	a very large house where a king or a queen lives	The king lives in a palace.
2659	pale	ADJ	light in colour; also with less colour in your face than usual	You look pale: are you feeling all right?
2660	palm	NOUN	the inside part of your hand	Put the seed in the palm of your hand.
2661	panel	NOUN	a flat piece of material, for example on a wall or a roof	The solar panels on the roof make electricity.
2662	paragraph	NOUN	a part of a text that begins on a new line	Read the first paragraph aloud.
2663	parallel	ADJ	at the same distance from each other all the way along	Draw two parallel lines.
2664	parish	NOUN	an area that has its own church	The parish church is in the village square.
2665	parliament	NOUN	the group of people who make the laws of a country or a region	The Galician Parliament is in Santiago.
2666	participant	NOUN	a person who takes part in something	Each participant gets a medal.
2667	participate	VERB	to take part in something	Everyone can participate in the game.
2668	passage	NOUN	a narrow way between two places	A narrow passage leads to the garden.
2669	passenger	NOUN	a person travelling in a vehicle who is not driving it	The bus has room for fifty passengers.
2670	passion	NOUN	a very strong interest or feeling	She has a passion for music.
2671	patients	NOUN	people who are cared for by a doctor or a nurse	The nurse visits her patients every morning.
2672	pave	VERB	to cover a road or a path with a hard surface	They will pave the old path next month.
2673	peak	NOUN	the pointed top of a mountain	The peak of the mountain is covered in snow.
2674	peasant	NOUN	a poor farmer, especially in the past	In the old story, a poor peasant found a magic bean.
2675	peer	VERB	to look closely at something that is hard to see	The children peered into the rock pool.
2676	penalty	NOUN	a punishment; in football, a free kick at the goal	The referee gave a penalty.
2677	pepper	NOUN	a hot-tasting powder; also a red, green or yellow vegetable	We put red peppers in the salad.
2678	perceive	VERB	to notice something with your senses	Babies perceive colours from a young age.
2679	perception	NOUN	the way you notice or understand something	Our perception of time changes when we are having fun.
2680	permanent	ADJ	lasting for ever or for a very long time	This marker is permanent: it won't wash off.
2681	permission	NOUN	the act of allowing someone to do something	Ask for permission before you leave the table.
2682	permit	VERB	to allow	Dogs are not permitted on the beach in summer.
2683	persist	VERB	to continue	The rain persisted all day.
2684	personality	NOUN	the qualities that make someone who they are	Each puppy has its own personality.
2685	personnel	NOUN	the people who work for an organisation	Only school personnel can enter this room.
2686	perspective	NOUN	a way of thinking about something	Try to see it from your friend's perspective.
2687	persuade	VERB	to make someone agree to do something	Can you persuade your brother to come?
2688	petrol	NOUN	the liquid fuel used in cars (British English)	The car needs petrol.
2689	phase	NOUN	a stage in a process	The moon has different phases.
2690	phenomenon	NOUN	something that happens and can be seen or studied	A rainbow is a natural phenomenon.
2691	philosophy	NOUN	a set of beliefs about how to live	Her philosophy is: always be kind.
2692	phrase	NOUN	a small group of words	Learn a new English phrase every day.
2693	pilot	NOUN	a person who flies a plane	The pilot flew the plane safely.
2694	pit	NOUN	a large hole in the ground	The children dug a pit in the sand.
2695	platform	NOUN	the area next to the track where you get on a train	The train leaves from platform two.
2696	plot	NOUN	the events that form the story of a book or a film	The plot of the story is very exciting.
2697	poll	NOUN	a survey of people's opinions	A poll showed that most families like the new park.
2698	portion	NOUN	a part or an amount of something, especially food	Each child gets a portion of fruit.
2699	portrait	NOUN	a painting, drawing or photo of a person	We drew portraits of our friends.
2700	pose	VERB	to stay in one position for a photo or a painting	The children posed for a class photo.
2701	potential	ADJ	possible in the future	The storm is a potential danger to boats.
2702	poverty	NOUN	the state of being poor	Many charities help families living in poverty.
2703	powder	NOUN	a dry substance made of very small grains	Mix the powder with water.
2704	practitioner	NOUN	a person who works in a profession, especially medicine	The general practitioner saw me this morning.
2705	praise	VERB	to say that someone has done something well	Praise children when they try hard.
2706	precede	VERB	to come before something	Thunder is preceded by lightning.
2707	precise	ADJ	exact and accurate	Give me the precise time, please.
2708	predict	VERB	to say what will happen in the future	Can you predict what will happen next in the story?
2709	premise	NOUN	an idea that a story or an argument is based on	The premise of the story is simple: a cat wants to fly.
2710	presence	NOUN	the fact of being in a place	The baby feels calm in her mother's presence.
2711	preserve	VERB	to keep something in good condition	We preserve fruit in jars for the winter.
2712	priest	NOUN	a person who leads religious services in some churches	The priest rang the church bell.
2713	primary	ADJ	most important; first	Red, yellow and blue are primary colours.
2714	principal	ADJ	main; most important	The principal aim of the game is to have fun.
2715	principle	NOUN	a basic rule or belief	Sharing is an important principle in our class.
2716	prior	ADJ	happening or existing before	No prior experience is needed.
2717	priority	NOUN	something that is more important than other things	Safety is our first priority.
2718	privilege	NOUN	a special advantage or opportunity	It's a privilege to work with children.
2719	prize	NOUN	something that you win	She won first prize in the drawing contest.
2720	probe	VERB	to examine something carefully	The scientists probed the sea floor with a robot.
2721	procedure	NOUN	a set of steps for doing something	Follow the safety procedure during a fire drill.
2722	proceed	VERB	to go forward or continue	Please proceed to the next room.
2723	professor	NOUN	a teacher at a university	The professor teaches biology at the university.
2724	profile	NOUN	the side view of a face; also a short description of a person	She drew her friend's face in profile.
2725	profit	NOUN	money that you gain by selling things	The shop made a small profit this month.
2726	profound	ADJ	very great or deep	The book had a profound effect on me.
2727	prohibit	VERB	to say officially that something is not allowed	Swimming is prohibited when the red flag is up.
2728	prominent	ADJ	easy to see; or important and well known	The lighthouse is a prominent landmark.
2729	promote	VERB	to help something grow or develop	Sport promotes good health.
2730	prompt	VERB	to help someone remember or say something	The teacher prompted the child with a question.
2731	proof	NOUN	facts that show that something is true	Do you have proof that the dog ate your homework?
2732	proportion	NOUN	a part of a whole	A large proportion of the class has a pet.
2733	prosecute	VERB	to accuse someone officially in a court of law	The council will prosecute anyone who dumps rubbish in the forest.
2734	prospect	NOUN	the possibility that something will happen	The prospect of a holiday made everyone happy.
2735	prosper	VERB	to be successful	The town prospered thanks to fishing.
2736	protein	NOUN	a substance in food such as meat, eggs and beans that helps the body grow	Eggs, beans and fish contain protein.
2737	province	NOUN	one of the areas that a country is divided into	Lugo is a province of Galicia.
2738	provision	NOUN	the act of giving people what they need	The school makes provision for children with allergies.
2739	provoke	VERB	to annoy someone so that they react	Don't provoke the dog.
2740	psychiatry	NOUN	the study and treatment of mental illness	Her aunt studied psychiatry at university.
2741	psychology	NOUN	the study of the mind and how it works	Child psychology studies how children think and feel.
2742	publication	NOUN	a book, a magazine or a newspaper	The school magazine is a monthly publication.
2743	publish	VERB	to print a book or a magazine so that people can buy it	The author will publish a new book next year.
2744	pupil	NOUN	a child who goes to school	Each pupil has a reading book.
2745	pursue	VERB	to try to achieve something over a long time	She wants to pursue a career in music.
2746	puzzle	NOUN	a game or a toy that you have to think about to solve	We did a big jigsaw puzzle together.
2747	quantity	NOUN	an amount	Measure the right quantity of flour.
2748	racial	ADJ	relating to a person's race	The school teaches respect and fights racial discrimination.
2749	radiate	VERB	to send out heat or light	The stove radiates heat.
2750	radical	ADJ	very big and important	The new head teacher made radical changes.
2751	rage	NOUN	very strong anger	He shouted in rage when his tower fell.
2752	raid	VERB	to suddenly enter a place to take things	The squirrels raided the bird feeder.
2753	rail	NOUN	a bar that you can hold or that keeps people safe	Hold the rail when you go down the stairs.
2754	rally	VERB	to come together to support someone	The fans always rally behind their team.
2755	random	ADJ	chosen without any plan or pattern	Pick a card at random.
2756	rank	NOUN	a position in an organisation, such as the army or the police	She reached the rank of captain.
2758	ratio	NOUN	the relationship between two numbers or amounts	The ratio of teachers to children is one to eight.
2759	rational	ADJ	based on reason, not feelings	There must be a rational explanation.
2760	raw	ADJ	not cooked	Carrots can be eaten raw.
2761	rear	NOUN	the back part of something	The toilets are at the rear of the building.
2762	rebel	NOUN	a person who fights against people in power	In the story, the young rebel fights the cruel king.
2763	receiver	NOUN	the part of a telephone that you hold to your ear	Pick up the receiver and answer the phone.
2764	reception	NOUN	the place where visitors go when they arrive at a hotel or office	Please wait at reception.
2765	recession	NOUN	a time when a country's economy is doing badly	Many people lost their jobs in the recession.
2766	recognition	NOUN	praise and thanks for something you have done	She received recognition for her work.
2767	recruit	VERB	to find new people to join a group	The club wants to recruit new members.
2768	reflect	VERB	to show an image of something, like a mirror	The lake reflects the mountains.
2769	reform	NOUN	a change that makes something better	The school is planning a reform of the timetable.
2770	refuge	NOUN	a place that gives protection	The birds found refuge from the storm under the bridge.
2771	regime	NOUN	a set of rules for doing something, such as exercise	The doctor recommended a gentle exercise regime.
2772	regret	VERB	to feel sorry about something you did	I regret shouting at my friend.
2773	regulate	VERB	to control something so that it works well	The thermostat regulates the temperature.
2774	reinforce	VERB	to make something stronger	Praise reinforces good behaviour.
2775	reject	VERB	to refuse to accept something	The council rejected the plan.
2776	relative	ADJ	depending on what you compare it with	Comfort is relative: a tent can feel like a palace!
2777	relatives	NOUN	the people in your family	We visit our relatives at Christmas.
2778	relevant	ADJ	connected with what is being discussed	Ask questions that are relevant to the story.
2779	relieve	VERB	to make a pain or a problem less bad	Music can relieve stress.
2780	religion	NOUN	a belief in a god or gods, and the practices that go with it	People of every religion are welcome here.
2781	religious	ADJ	relating to religion	The town has many religious festivals.
2782	reluctant	ADJ	not wanting to do something	He was reluctant to share his new toy.
2783	remedy	NOUN	something that solves a problem	The new rules are a remedy for the long queues.
2784	remote	ADJ	far away from other places	They live in a remote village in the mountains.
2785	render	VERB	to make someone or something be in a particular state	The snow rendered the roads dangerous.
2786	reproduce	VERB	to produce young; also to copy	Plants reproduce through seeds.
2787	republic	NOUN	a country with an elected president and no king or queen	Portugal is a republic.
2788	reputation	NOUN	the opinion people have about someone or something	The bakery has a good reputation.
2789	request	VERB	to ask for something politely or officially	You can request a book from another library.
2790	rescue	VERB	to save someone from danger	The lifeboat rescued the fishermen.
2791	resemble	VERB	to look like someone or something	The cloud resembles a rabbit.
2792	reside	VERB	to live in a place	The family resides in a small flat.
2793	resign	VERB	to leave your job	The coach decided to resign at the end of the season.
2794	resolution	NOUN	a firm decision to do something	My New Year's resolution is to read more books.
2795	resolve	VERB	to find a solution to a problem	The children resolved the argument by taking turns.
2796	resort	VERB	to do something because other ways did not work	When all else fails, we resort to the instructions.
2797	resource	NOUN	something useful, such as water, money or time	Water is a precious resource.
2798	respective	ADJ	belonging to each of the people or things mentioned	The children went back to their respective classes.
2799	respond	VERB	to react or to answer	Babies respond to their parents' voices.
2800	response	NOUN	an answer or a reaction	The teacher waited for a response.
2801	restore	VERB	to repair something old so that it is as good as before	They restored the old windmill.
2802	restrain	VERB	to stop someone or something from moving or acting	Please restrain your dog on the beach.
2803	restrict	VERB	to limit something	The park restricts cars in summer.
2804	resume	VERB	to start again after a pause	The lesson will resume after the break.
2805	retail	VERB	to be sold in shops at a particular price	This toy retails at ten euros.
2806	retain	VERB	to keep or hold something	Sand retains heat after a sunny day.
2807	retreat	VERB	to move back or away	The snail retreated into its shell.
2808	reveal	VERB	to show something that was hidden	Lift the flap to reveal the picture.
2809	revenue	NOUN	money that an organisation receives	The museum's revenue comes from tickets.
2810	reverse	VERB	to drive a vehicle backwards	Reverse the car into the garage.
2811	review	VERB	to look at something again to check it or remember it	Let's review the new words before the story.
2812	revise	VERB	to study something again before an exam	She needs to revise for her maths exam.
2813	revive	VERB	to make someone or something strong or alive again	Water will revive the thirsty plants.
2814	revolution	NOUN	a big change in the way people do or think about things	The internet caused a revolution in communication.
2815	reward	NOUN	something good that you get for doing something	The reward for finding the lost cat is a big cake.
2816	rhythm	NOUN	a regular pattern of sounds or movements	Clap to the rhythm of the song.
2817	ritual	NOUN	something that you always do in the same way	Reading a story is our bedtime ritual.
2818	rival	VERB	to be as good as someone or something	Her paintings rival those of real artists.
2819	romantic	ADJ	relating to love	They had a romantic dinner by the sea.
2820	route	NOUN	the way from one place to another	This is the quickest route to the beach.
2821	routine	NOUN	the usual order in which you do things	A bedtime routine helps children sleep.
2822	rumour	NOUN	a story that people tell that may not be true	There's a rumour that the school will get a pool.
2823	rural	ADJ	relating to the countryside	They live in a rural area with lots of farms.
2824	sacrifice	VERB	to give up something important to help someone or something	She sacrificed her free time to help others.
2825	sample	NOUN	a small amount of something that shows what it is like	Can I taste a sample of the cheese?
2826	sanction	VERB	to give official permission for something	The council sanctioned the new playground.
2827	satellite	NOUN	a machine sent into space to travel around the Earth	The satellite sends pictures of the weather.
2828	satisfaction	NOUN	a pleasant feeling when you have done something well	She looked at her finished puzzle with satisfaction.
2829	scan	VERB	to look quickly at all of something	Scan the room for your lost glove.
2830	scandal	NOUN	something that shocks people because it is wrong or dishonest	The newspaper reported a scandal at the town hall.
2831	scatter	VERB	to throw or drop things over a wide area	Scatter the seeds over the soil.
2832	scheme	NOUN	an official plan	The town has a scheme to plant more trees.
2833	scholar	NOUN	a person who studies a subject in great detail	The old scholar studied ancient books.
2834	scope	NOUN	the range of things that something deals with	The project's scope is too big for one week.
2835	sculpt	VERB	to make a shape out of stone, clay or wood	The children sculpt animals out of clay.
2836	secretary	NOUN	a person who works in an office, writing letters and answering the phone	The school secretary answers the phone.
2837	sector	NOUN	a part of the economy	Tourism is an important sector in Galicia.
2838	segment	NOUN	one of the parts that something is divided into	Each segment of the worm can move.
2839	seize	VERB	to take hold of something quickly and firmly	The eagle seized a fish from the river.
2840	senate	NOUN	one of the two groups of politicians who make laws in some countries	The senate approved the new law.
2841	senses	NOUN	sight, hearing, smell, taste and touch	Babies explore the world with all their senses.
2842	sensible	ADJ	showing good judgement	It's sensible to take an umbrella today.
2843	sensitive	ADJ	easily hurt or affected	Babies have sensitive skin.
2844	sequence	NOUN	the order in which things happen	Put the pictures in the right sequence.
2845	session	NOUN	a period of time for a particular activity	The swimming session lasts forty minutes.
2846	severe	ADJ	very bad or serious	The severe storm closed the port.
2847	shield	NOUN	a large flat object that soldiers carried to protect themselves	The knight carried a shield.
2848	shortly	ADV	soon	The bus will arrive shortly.
2849	shrug	VERB	to lift your shoulders to show that you do not know or care	He shrugged his shoulders.
2850	sigh	VERB	to breathe out slowly and loudly, often when tired or relieved	She sighed with relief.
2851	significance	NOUN	importance or meaning	What is the significance of this date?
2852	significant	ADJ	important or large enough to notice	There was a significant change in the weather.
2853	silent	ADJ	completely quiet	The library is silent.
2854	silk	NOUN	a soft, smooth, shiny cloth	Silk is made by silkworms.
2855	simultaneous	ADJ	happening at the same time	The two bells gave a simultaneous ring.
2856	sin	NOUN	an action that is wrong according to religious rules	In the old story, greed was a terrible sin.
2857	slice	NOUN	a thin flat piece cut from something	Can I have a slice of bread?
2858	slope	NOUN	ground that goes up or down	We slid down the grassy slope.
2859	software	NOUN	the programs that a computer uses	The new software helps teachers plan lessons.
2860	sole	NOUN	the bottom part of a shoe or a foot	The sole of my shoe has a hole.
2861	solution	NOUN	a way of solving a problem	We found a solution to the problem.
2862	solve	VERB	to find an answer to a problem	Can you solve this riddle?
2863	sophisticated	ADJ	advanced and complicated	The robot has a sophisticated design.
2864	source	NOUN	where something comes from	The sun is a source of light.
2865	sovereign	ADJ	independent; governing itself	Portugal is a sovereign country.
2866	specify	VERB	to say exactly	Please specify the size you need.
2867	speculate	VERB	to guess about something without knowing all the facts	Scientists speculate that there may be life on other planets.
2868	spill	VERB	to let a liquid fall out of a container by accident	Be careful not to spill your juice.
2869	sponsor	VERB	to pay for an event or a team, usually to advertise	A local bakery sponsors the football team.
2870	squeeze	VERB	to press something firmly	Squeeze the lemon over the fish.
2871	stain	VERB	to leave a mark that is difficult to remove	Blueberries stain your fingers.
2872	stake	NOUN	a strong wooden stick pushed into the ground	Tie the tomato plant to a stake.
2873	statistic	NOUN	a number that gives information about something	This statistic shows how many children walk to school.
2874	status	NOUN	the situation of something at a particular time	What's the status of the project?
2875	statute	NOUN	a written law	The statute says that dogs must be on a lead in the park.
2876	stem	NOUN	the long thin part of a plant that holds the leaves or flowers	The flower has a long green stem.
2877	stimulate	VERB	to make something more active or interested	Colourful pictures stimulate babies' curiosity.
2878	strain	NOUN	pressure or effort that may cause damage	Carrying heavy bags puts a strain on your back.
2879	strategy	NOUN	a plan for achieving something	What's your strategy for winning the game?
2880	strict	ADJ	expecting people to obey rules	The swimming teacher is strict but kind.
2881	structure	NOUN	something that has been built	The bird's nest is a clever structure.
2882	studio	NOUN	a room where an artist works, or where films or music are made	The artist works in a studio with big windows.
2883	stun	VERB	to surprise or shock someone very much	The news stunned everyone.
2884	submit	VERB	to give something to someone so that they can check it	Submit your drawings by Friday.
2885	subsequent	ADJ	happening after something else	The first day was rainy, but the subsequent days were sunny.
2886	subsidy	NOUN	money given by a government to help pay for something	The government gives a subsidy for solar panels.
2887	substance	NOUN	a particular kind of material	Honey is a sticky substance.
2888	substantial	ADJ	large in amount	We had a substantial lunch.
2889	substitute	VERB	to use something instead of something else	You can substitute honey for sugar.
2890	subtle	ADJ	small and not easy to notice	There is a subtle difference between the two colours.
2891	suburb	NOUN	an area where people live at the edge of a city	They live in a quiet suburb of the city.
2892	succeed	VERB	to manage to do what you wanted	If at first you don't succeed, try again.
2893	succession	NOUN	a number of things that come one after another	Three buses came in quick succession.
2894	sufficient	ADJ	enough	Is there sufficient food for everyone?
2895	suicide	NOUN	the act of ending your own life	Helplines work every day to prevent suicide.
2896	sum	NOUN	a simple calculation; also an amount of money	Can you do this sum: two plus three?
2897	summary	NOUN	a short description of the main points	Write a short summary of the story.
2898	summit	NOUN	the top of a mountain	We reached the summit of the mountain.
2899	superior	ADJ	better than others	This paper is of superior quality.
2900	supervise	VERB	to watch people to make sure that they are safe and act correctly	Adults supervise the children at the pool.
2901	supplement	NOUN	something extra added to a newspaper or to food	The newspaper has a supplement for children on Sundays.
2902	supreme	ADJ	highest in rank or importance	The Supreme Court is the highest court in the country.
2903	surgery	NOUN	medical treatment in which a doctor cuts the body to repair it	Grandpa had knee surgery last year.
2904	survey	VERB	to look at the whole of something	From the hill, we surveyed the whole valley.
2905	suspend	VERB	to attach something from above so that it moves freely	We suspended paper birds from the ceiling.
2906	sustain	VERB	to keep something going	Good food sustains us through the day.
2907	sweat	NOUN	the liquid that comes out of your skin when you are hot	After the race, his face was covered in sweat.
2908	swell	VERB	to become bigger	My ankle began to swell after I twisted it.
2909	symbol	NOUN	a sign or a picture that represents something	A heart is a symbol of love.
2910	sympathy	NOUN	a feeling of sadness for someone who is having a hard time	We sent a card to show our sympathy.
2911	symptom	NOUN	a sign that someone has an illness	A runny nose is a symptom of a cold.
2912	tackle	VERB	to start dealing with a difficult job or problem	Let's tackle the mess in the playroom together.
2913	tactic	NOUN	a plan to achieve something	Hiding behind the tree was a clever tactic in the game.
2914	talent	NOUN	a natural ability to do something well	She has a talent for drawing animals.
2915	target	NOUN	something that you aim at	Throw the beanbag at the target.
2916	task	NOUN	a piece of work that you have to do	Each child has a small task to do.
2917	technical	ADJ	relating to machines or to practical knowledge	The concert started late because of a technical problem.
2918	technique	NOUN	a particular way of doing something	There's a special technique for folding paper boats.
2919	temperature	NOUN	how hot or cold something is	What's the temperature today?
2920	temporary	ADJ	lasting only for a short time	This is only a temporary classroom.
2921	tender	ADJ	gentle and loving	She gave the baby a tender kiss.
2922	tennis	NOUN	a game in which players hit a ball over a net with rackets	My aunt plays tennis every Tuesday.
2923	territory	NOUN	an area that an animal or a group thinks belongs to them	Robins defend their territory by singing.
2924	terror	NOUN	very great fear	The mouse ran away in terror when it saw the cat.
2925	text	NOUN	written words	Read the text and answer the questions.
2926	theme	NOUN	the main subject of something	The theme of this month is autumn.
2927	theoretical	ADJ	based on ideas, not on practice	The lesson was too theoretical for small children.
2928	theory	NOUN	an idea that explains why something happens	Scientists test a theory with experiments.
2929	therapy	NOUN	treatment that helps someone feel better	Music therapy helps people relax.
2930	thereby	ADV	as a result of this	She practised every day, thereby improving quickly.
2931	thorough	ADJ	careful and complete	Give the floor a thorough clean.
2932	thrill	NOUN	a strong feeling of excitement	Riding the roller coaster was a real thrill.
2933	tissue	NOUN	a soft paper handkerchief; also a group of cells in the body	Can I have a tissue? I need to blow my nose.
2934	ton	NOUN	a unit for measuring weight, about 1,000 kilograms	A big whale can weigh more than a hundred tons.
2935	toss	VERB	to throw something lightly	Toss a coin to decide who goes first.
2936	tournament	NOUN	a competition with many games or matches	Our school is hosting a chess tournament.
2937	tragedy	NOUN	a very sad event	Losing the old forest in the fire was a tragedy.
2938	trail	VERB	to walk slowly behind others	The little ones trailed behind the group.
2939	transact	VERB	to do business	Most people transact business online now.
2940	transform	VERB	to change completely	The caterpillar transforms into a butterfly.
2941	transition	NOUN	a change from one situation to another	Moving to a new school is a big transition.
2942	translate	VERB	to change words into another language	Can you translate this word into Galician?
2943	transmit	VERB	to send out signals or information	Radio stations transmit music through the air.
2944	transport	VERB	to carry people or goods from one place to another	Trucks transport fish from the port.
2945	treasure	NOUN	gold, jewels or other valuable things	The pirates buried the treasure on the island.
2946	treaty	NOUN	a written agreement between countries	The two countries signed a peace treaty.
2947	tremendous	ADJ	very great or very big	The wind made a tremendous noise.
2948	trend	NOUN	a general change or development	Riding bikes to school is a growing trend.
2949	tribe	NOUN	a group of families with the same language and customs	In the past, tribes moved from place to place to find food.
2950	trigger	NOUN	something that causes something else to happen	Loud noises can be a trigger for the dog's barking.
2951	triumph	NOUN	a great success	Finishing the marathon was a triumph.
2952	troop	NOUN	a group of soldiers or of animals such as monkeys	A troop of monkeys lives in the forest.
2953	tube	NOUN	a long thin container, or a long hollow pipe	Squeeze the paint out of the tube.
2954	tunnel	NOUN	a passage under the ground or through a hill	The train went through a long tunnel.
2955	ultimate	ADJ	final; most important	Our ultimate goal is to read a whole book.
2956	undergo	VERB	to experience something, such as a change or a repair	The old bridge will undergo repairs this summer.
2957	underlie	VERB	to be the basic cause of something	Good sleep and food underlie good learning.
2958	undertake	VERB	to start doing a job or a project	The class will undertake a project about the sea.
2959	uniform	NOUN	special clothes that people wear for work or school	The nurses wear a blue uniform.
2960	unique	ADJ	the only one of its kind	Every snowflake is unique.
2961	unity	NOUN	the state of being together and in agreement	The team showed great unity.
2962	universe	NOUN	all of space and everything in it	The universe is full of stars and planets.
2963	update	VERB	to add new information to something	Please update your address on the form.
2964	urban	ADJ	relating to towns and cities	Urban areas have more traffic.
2965	urge	VERB	to strongly advise someone to do something	Doctors urge parents to read with their children.
2966	urgent	ADJ	needing attention very soon	This message is urgent.
2967	utility	NOUN	a service such as water, gas or electricity	The utility company fixed the water pipe.
2968	vague	ADJ	not clear	He gave a vague answer.
2969	valid	ADJ	officially acceptable for a period of time	Your ticket is valid for one week.
2970	variety	NOUN	several different kinds of something	The market sells a variety of fruit.
2971	vast	ADJ	extremely large	The ocean is vast.
2972	venture	VERB	to go somewhere new or a little dangerous	Don't venture too far from the path.
2973	versus	ADP	against, in a game or a contest	It's the red team versus the blue team.
2974	vessel	NOUN	a ship or a large boat	A fishing vessel came into the port.
2975	veteran	NOUN	a person with a lot of experience; also a former soldier	The veteran teacher helped the new ones.
2976	via	ADP	by way of	We came home via the park.
2977	vice	NOUN	a bad habit	Eating too many sweets is my only vice.
2978	victory	NOUN	the act of winning a game or a fight	The team celebrated their victory.
2979	violate	VERB	to break a rule or a law	Parking here violates the rules.
2980	violence	NOUN	behaviour that hurts people on purpose	Our school says no to violence: we solve problems by talking.
2981	virtual	ADJ	created by a computer, not real	We took a virtual tour of the museum.
2982	virtue	NOUN	a good quality	Patience is a virtue.
2983	virus	NOUN	a very small living thing that causes illness	A virus can give you a cold.
2984	visible	ADJ	able to be seen	The lighthouse is visible from far away.
2985	vision	NOUN	the ability to see	Owls have very good night vision.
2986	visual	ADJ	relating to seeing	Pictures are a visual way to learn.
2987	vital	ADJ	necessary; very important	Water is vital for all living things.
2988	volume	NOUN	how loud a sound is; also the amount of space something takes up	Turn down the volume, please.
2989	voluntary	ADJ	done because you want to, not because you must	Helping at the library is voluntary.
2990	volunteer	VERB	to offer to do something	Who wants to volunteer to help?
2991	vulnerable	ADJ	easily hurt	Young birds are vulnerable to cats.
2992	wealth	NOUN	a large amount of money or property	The family's wealth came from fishing.
2993	weave	VERB	to make cloth or a basket by crossing threads or strips	Spiders weave webs.
2994	weigh	VERB	to find out how heavy something is	Let's weigh the apples on the scale.
2995	welfare	NOUN	health, safety and happiness	The welfare of the children comes first.
2996	whisper	VERB	to speak very quietly	Whisper the secret in my ear.
2997	withdraw	VERB	to take money out of a bank; also to move back	You can withdraw money from the machine.
2998	yield	VERB	to produce crops or results	The apple tree yields a lot of fruit every year.
2999	youth	NOUN	the time of life when you are young	In his youth, grandpa was a sailor.
3000	zone	NOUN	an area with a particular purpose	This is a quiet zone: please don't shout.
3001	abnormal	ADJ	not normal; unusual	The abnormal heat in May surprised everyone.
3002	aboard	ADV	on or onto a ship, a train, a plane or a bus	All aboard! The train is leaving.
3003	abrupt	ADJ	sudden and unexpected	The car came to an abrupt stop.
3004	absent	ADJ	not in a place where you should be	Three children are absent today.
3005	absurd	ADJ	silly and not reasonable at all	Wearing a winter coat in the bath is absurd!
3006	abundant	ADJ	more than enough; in large amounts	Blackberries are abundant in September.
3007	acid	NOUN	a substance, often a liquid, that tastes sour and can burn things	Lemon juice has a weak acid in it, so it tastes sour.
3008	accountant	NOUN	a person whose job is to keep or check records of money	My mum works as an accountant for a big company.
3009	accustom	VERB	to make someone used to something	It takes a few weeks to accustom a toddler to a new routine.
3010	acquaint	VERB	to make someone know about something	Let me acquaint you with the rules of the game.
3011	activate	VERB	to make something start working	Press the green button to activate the toy robot.
3012	acute	ADJ	very serious or strong	There is an acute shortage of water in the village.
3013	adhere	VERB	to stick firmly to something; to follow a rule	These stickers adhere well to glass.
3014	adjacent	ADJ	next to something	The library is adjacent to the school.
3015	administer	VERB	to manage or organise something	The head teacher administers the school budget.
3016	adverse	ADJ	harmful or not good for you	The cold spring had an adverse effect on the garden.
3017	aesthetic	ADJ	related to beauty and how things look	They chose the colours for aesthetic reasons.
3018	affiliate	NOUN	a group or company that is connected to a bigger one	Our local club is an affiliate of the national federation.
3019	aggression	NOUN	angry behaviour that may hurt others	The old dog showed no aggression towards the kitten.
3020	agony	NOUN	very great pain	He was in agony after he stubbed his toe.
3021	align	VERB	to put things in a straight line	Please align the chairs along the wall.
3022	alike	ADV	in the same way	The twins like to dress alike.
3023	alley	NOUN	a narrow street between buildings	The cat ran down the alley behind the bakery.
3024	alpha	NOUN	the first letter of the Greek alphabet	The Greek alphabet begins with alpha and beta.
3025	alternate	ADJ	every second one	We have swimming lessons on alternate Fridays.
3026	aluminium	NOUN	a light metal the colour of silver	Drinks cans are often made of aluminium.
3027	amateur	NOUN	someone who does an activity for fun, not as a job	The play was performed by amateurs from the village.
3028	ambassador	NOUN	an important person who represents their country abroad	The ambassador visited our school last spring.
3029	ambiguous	ADJ	with more than one possible meaning	The instructions were ambiguous, so we asked again.
3030	ambition	NOUN	something you want very much to do	Her ambition is to become a vet.
3031	ambitious	ADJ	wanting very much to succeed	He is an ambitious young chef with big plans.
3032	ambulance	NOUN	a vehicle that takes ill or hurt people to hospital	The ambulance arrived in five minutes.
3033	amid	ADP	in the middle of	We found a tiny flower amid the stones.
3034	ancestor	NOUN	a member of your family who lived a long time ago	My ancestors were fishermen in Vigo.
3035	anchor	VERB	to stop a boat from moving by dropping a heavy hook	The sailing boat anchored near the beach.
3036	animate	VERB	to make something lively	Her laugh animated the whole room.
3037	ankle	NOUN	the joint between your foot and your leg	He twisted his ankle playing football.
3038	anniversary	NOUN	the same date as an important event in an earlier year	Today is my parents' wedding anniversary.
3039	anonymous	ADJ	with a name that nobody knows	The poem was written by an anonymous author.
3040	anthropology	NOUN	the study of people, their ways of life and their cultures	She studied anthropology to learn how people live.
3041	antique	ADJ	old and valuable	Grandma keeps an antique clock in the hall.
3042	appal	VERB	to shock someone very much	The state of the beach after the storm will appal you.
3043	applicable	ADJ	that affects someone or something	This rule is not applicable to babies.
3044	applicant	NOUN	a person who asks for a job or a place	Each applicant must fill in this form.
3045	appraise	VERB	to judge how good or valuable something is	An expert came to appraise the old painting.
3046	arch	VERB	to make a curved shape	The cat arched its back and stretched.
3047	archive	NOUN	a collection of old documents or records	The town archive has photos from 1900.
3048	arena	NOUN	a large place with seats all around where sports or shows happen	The circus came to the arena last weekend.
3049	armour	NOUN	metal clothing that soldiers wore long ago to protect their bodies	The knight in the museum wore shining armour.
3050	arouse	VERB	to make someone have a feeling	The strange noise aroused our curiosity.
3051	array	NOUN	a large group of things shown together	The shop had a wonderful array of toys.
3052	arrogant	ADJ	thinking that you are better than other people	The arrogant lion in the story never listened to anyone.
3053	arrow	NOUN	a sign that shows a direction	Follow the arrows to the playground.
3054	articulate	VERB	to say something clearly	She can articulate her ideas very well for her age.
3055	artificial	ADJ	made by people, not natural	The football pitch has artificial grass.
3056	ash	NOUN	the grey powder that is left after something burns	We swept the ash out of the fireplace.
3057	aspire	VERB	to want very much to achieve something	He aspires to be a firefighter one day.
3058	assassin	NOUN	a person who secretly attacks an important person to end their life	Julius Caesar's assassins attacked him in Rome.
3059	astonish	VERB	to surprise someone very much	The magician's tricks astonished the children.
3060	astronomy	NOUN	the study of stars, planets and space	We learned some astronomy by watching the moon.
3061	attain	VERB	to reach or achieve something after trying	She worked hard to attain her goal.
3062	attorney	NOUN	a lawyer, mainly in American English	Her aunt works as an attorney in New York.
3063	auction	NOUN	a sale where things go to the person who offers the most money	They bought the old rocking chair at an auction.
3064	audio	NOUN	sound that is recorded or sent out	Press the button to play the audio.
3065	authentic	ADJ	real, not a copy	This is an authentic Galician recipe.
3066	automobile	NOUN	a car, mainly in American English	The museum has an automobile from 1920.
3067	autonomy	NOUN	the freedom to make your own decisions	Older children want more autonomy at bedtime.
3068	avenue	NOUN	a wide street, often with trees on each side	We walked down the avenue to the park.
3069	await	VERB	to wait for something	The children eagerly await the summer holidays.
3070	axe	NOUN	a tool with a heavy blade for cutting wood	Grandpa chopped the logs with an axe.
3071	aye	INTJ	yes, in Scotland and the north of England	Aye, I'll help you carry the boxes.
3072	ballet	NOUN	a kind of dance that tells a story with music	My sister goes to ballet on Mondays.
3073	balloon	NOUN	a small rubber bag that you fill with air	We blew up a red balloon for the party.
3074	ballot	NOUN	a secret vote on paper	Each class chose its delegate by secret ballot.
3075	bankrupt	VERB	to make a person or company lose all their money	The long strike nearly bankrupted the factory.
3076	barn	NOUN	a large farm building for animals or hay	The cows sleep in the barn in winter.
3077	barrel	NOUN	a large round container made of wood or metal	Rainwater collects in the barrel by the shed.
3078	baseball	NOUN	a game in which players hit a ball with a bat and run round four bases	They play baseball in the park on Sundays.
3079	basement	NOUN	the part of a building below the ground	We keep our bikes in the basement.
3080	basin	NOUN	a large bowl, often used for washing	Fill the basin with warm water.
3081	bass	NOUN	the lowest musical notes, or the instrument that plays them	My uncle plays the bass in a band.
3083	bathe	VERB	to wash yourself or someone in water	We bathe the baby every evening.
3084	battered	ADJ	old and damaged from being used a lot	She still loves her battered old teddy bear.
3085	bead	NOUN	a small ball with a hole through it, for making necklaces	We made bracelets with coloured beads.
3086	beard	NOUN	the hair that grows on a man's chin and cheeks	Grandad has a long white beard.
3087	beast	NOUN	a large or wild animal	In the story, the beast lived in a dark forest.
3088	behalf	NOUN	on behalf of someone: for them or instead of them	I'm writing on behalf of the whole class.
3089	belly	NOUN	the stomach, or the front of the body below the chest	The puppy rolled over to have its belly rubbed.
3090	beneficial	ADJ	good or helpful	Fresh air is beneficial for everyone.
3091	betray	VERB	to hurt someone who trusted you	A good friend will never betray your secrets.
3092	bicycle	NOUN	a vehicle with two wheels that you ride by pushing pedals	She rides her bicycle to school.
3093	biography	NOUN	the story of a person's life written by someone else	I'm reading a biography of Rosalía de Castro.
3094	biology	NOUN	the study of living things	In biology we learn how plants grow.
3095	bizarre	ADJ	very strange	What a bizarre hat!
3096	blade	NOUN	the flat sharp part of a knife; a single leaf of grass	A ladybird climbed up a blade of grass.
3097	blaze	NOUN	a big, bright fire	Firefighters put out the blaze quickly.
3098	blink	VERB	to shut and open your eyes quickly	The baby blinked in the bright sunlight.
3099	blur	VERB	to make or become unclear	Tears blurred her eyes for a moment.
3100	boarder	NOUN	a pupil who lives at school during term	He is a boarder at a school in Edinburgh.
3101	boast	VERB	to talk too proudly about yourself	He likes to boast about how fast he can run.
3102	bold	ADJ	brave and confident	It was bold of her to sing in front of everyone.
3103	bolt	NOUN	a flash of lightning	A bolt of lightning lit up the sky.
3104	bonus	NOUN	something extra and good	As a bonus, every child got a sticker.
3105	booking	NOUN	an arrangement to have a seat or a room later	I made a booking for dinner at seven.
3106	bounds	NOUN	limits that you are not allowed to go past	The ball went out of bounds.
3107	boxed	ADJ	packed in a box	We gave her a boxed set of crayons.
3108	brass	NOUN	a yellow metal made of copper and zinc	The front door has a shiny brass handle.
3109	breach	VERB	to break a rule or a promise	The company breached its contract.
3110	breeze	NOUN	a light, gentle wind	A cool breeze came from the sea.
3111	brew	VERB	to make tea or coffee	Grandma brewed a pot of tea for everyone.
3112	bride	NOUN	a woman on her wedding day	The bride wore a long white dress.
3113	briefed	VERB	given the important information about something	The team was briefed before the match.
3114	broker	NOUN	a person who buys and sells things for other people	My cousin works as an insurance broker.
3115	bronze	NOUN	a brown metal made from copper and tin	The statue in the square is made of bronze.
3116	bruise	VERB	to get a dark mark on your skin after a knock	He bruised his knee when he fell off his bike.
3117	brute	NOUN	a rough, unkind person, or a big strong animal	That big brute of a dog is actually very gentle.
3118	bubble	NOUN	a ball of air or gas inside a liquid or floating in the air	The children chased the soap bubbles.
3119	bulb	NOUN	the glass part of a lamp that gives light; the round root of some plants	We planted tulip bulbs in October.
3120	bulk	NOUN	the large size of something; in bulk means in large amounts	We buy rice in bulk.
3121	bull	NOUN	a male animal of the cow family	The bull stood quietly in the field.
3122	bullet	NOUN	a bullet train: a very fast passenger train	We crossed Japan on a bullet train.
3123	bully	NOUN	a person who hurts or frightens weaker people	Tell a teacher if a bully bothers you.
3124	bundle	NOUN	a group of things tied or wrapped together	She carried a bundle of sticks for the fire.
3125	bureaucracy	NOUN	a system with too many complicated rules and forms	There is too much bureaucracy to open a small shop.
3126	bureaucrat	NOUN	an office worker who follows the rules very strictly	A bureaucrat stamped all our forms.
3127	butterfly	NOUN	an insect with large colourful wings	A yellow butterfly landed on the flower.
3128	buzz	VERB	to make a low sound like a bee	Bees buzz around the lavender.
3129	cab	NOUN	a taxi	We took a cab to the station.
3130	cabin	NOUN	a small room on a ship; a small wooden house	We slept in a cabin in the woods.
3131	cafe	NOUN	a small place that sells drinks and snacks	Let's meet at the cafe by the beach.
3132	calendar	NOUN	a chart that shows the days, weeks and months of a year	Write the party date on the calendar.
3133	calorie	NOUN	a unit for measuring the energy in food	An apple has fewer calories than a biscuit.
3134	campus	NOUN	the land and buildings of a university or college	The university campus has a big library.
3135	canal	NOUN	a long channel of water made for boats	We watched the boats on the canal.
3136	candle	NOUN	a stick of wax that gives light when it burns	Blow out the candles on your cake!
3137	canvas	NOUN	strong cloth for tents and bags, or for painting on	The artist painted on a large canvas.
3138	capitalism	NOUN	an economic system where businesses are owned privately for profit	We talked about capitalism in our economics class.
3139	capitalist	ADJ	based on capitalism	Most European countries have capitalist economies.
3140	cargo	NOUN	the goods carried by a ship, a plane or a lorry	The ship unloaded its cargo at the port of Vigo.
3141	carriage	NOUN	one of the separate parts of a train where people sit	Our carriage was at the front of the train.
3142	cartoon	NOUN	a funny drawing, or a film made of drawings	Dad drew a funny cartoon of our cat.
3143	casualty	NOUN	a person hurt in an accident; in Britain, also the emergency department	The casualty department was busy all night.
3144	cater	VERB	to give people the food or things they need	The bakery will cater for the school party.
3145	cathedral	NOUN	a large and important church	The cathedral in Santiago is famous all over the world.
3146	caution	NOUN	great care to avoid danger	Cross the road with caution.
3147	cautious	ADJ	careful to avoid danger	Be cautious near the edge of the pool.
3148	cave	NOUN	a large hole in the side of a hill or under the ground	We explored a cave by the sea.
3149	celebrity	NOUN	a famous person	A celebrity opened the new library.
3150	cemetery	NOUN	a place where people are buried	The old cemetery is next to the church.
3151	censor	NOUN	a person whose job is to remove parts of books or films	The censor cut two scenes from the film.
3152	census	NOUN	an official count of the people who live in a country	The census counts everyone who lives in Spain.
3153	certificate	NOUN	an official paper that shows a fact	Every child got a swimming certificate.
3154	certify	VERB	to state officially that something is true	Can you certify that this is a true copy?
3155	champagne	NOUN	a French sparkling drink made from grapes, for celebrations	The grown-ups opened a bottle of champagne at the wedding.
3156	chancellor	NOUN	the head of government in some countries, or of a university	The German chancellor visited Madrid.
3157	chaos	NOUN	a state of complete confusion	After the party, the living room was in chaos.
3158	chapel	NOUN	a small church, or a room for praying	There is a little chapel on top of the hill.
3159	chef	NOUN	a professional cook	The chef made us a special pizza.
3160	chemistry	NOUN	the science of what things are made of and how they change	In chemistry class we mixed vinegar and baking soda.
3161	chin	NOUN	the part of your face below your mouth	He rested his chin on his hands.
3162	choir	NOUN	a group of people who sing together	She sings in the school choir.
3163	choke	VERB	to be unable to breathe because something is stuck in your throat	Cut grapes in half so that small children don't choke.
3164	cholesterol	NOUN	a fatty substance in the body	The doctor checked my dad's cholesterol.
3165	chronic	ADJ	lasting for a long time	She has chronic back pain.
3166	chronicle	VERB	to write about events in the order they happened	Her diary chronicles a year in Vigo.
3167	chunk	NOUN	a thick piece of something	Cut the melon into chunks.
3168	cinema	NOUN	a place where you go to watch films	We went to the cinema on Saturday.
3169	civic	ADJ	relating to a town and the people who live in it	Voting is a civic duty.
3170	clash	NOUN	a loud noise of metal things hitting each other; a disagreement	We heard the clash of pans in the kitchen.
3171	classification	NOUN	the putting of things into groups	The classification of animals helps scientists.
3172	classify	VERB	to put things into groups	Let's classify the shells by colour.
3173	clay	NOUN	soft earth that becomes hard when it is dried or baked	The children made pots out of clay.
3174	clerk	NOUN	a person who works in an office keeping records	The clerk at the town hall helped us.
3175	click	VERB	to make a short, sharp sound	The seat belt clicked into place.
3176	cling	VERB	to hold on tightly	The baby monkey clings to its mother.
3177	clone	NOUN	an exact copy of an animal or a plant	Dolly the sheep was the first clone of an adult mammal.
3178	closure	NOUN	the closing of something, often for ever	The closure of the road caused long queues.
3179	clutch	VERB	to hold something tightly	She clutched her mum's hand in the crowd.
3180	coffin	NOUN	the long box in which a person is buried	The pharaoh's golden coffin is in the museum.
3181	cognitive	ADJ	related to thinking, learning and remembering	Puzzles help cognitive development.
3182	coherent	ADJ	clear and easy to understand	Her story was short but coherent.
3183	collar	NOUN	the part of a shirt round the neck; a band round an animal's neck	Our dog has a blue collar.
3184	colonel	NOUN	a high-ranking officer in the army	The colonel walked in front of the band.
3185	comic	ADJ	funny	The clown gave a comic performance.
3186	commentator	NOUN	a person who describes an event on the radio or television	The football commentator got very excited.
3187	commodity	NOUN	a product that can be bought and sold	Coffee is an important commodity.
3188	commute	VERB	to travel regularly between home and work	My dad commutes to Pontevedra by train.
3189	compact	ADJ	small and taking up little space	This compact pushchair folds easily.
3190	comparative	ADJ	used to compare things	Bigger is the comparative form of big.
3191	compatible	ADJ	able to work together	This charger is compatible with my phone.
3192	compel	VERB	to force someone to do something	The heavy rain compelled us to stay indoors.
3193	competence	NOUN	the ability to do something well	She showed great competence in her new job.
3194	compile	VERB	to collect information and put it together	We compiled a list of songs for the trip.
3195	complement	NOUN	something that goes well with something else	This sauce is the perfect complement to pasta.
3196	compliance	NOUN	the following of a rule or a law	The toys are checked for compliance with safety rules.
3197	comply	VERB	to obey a rule or a request	All toys must comply with safety laws.
3198	comprehend	VERB	to understand	Babies comprehend many words before they can say them.
3199	compress	VERB	to press something into a smaller space	Compress the sleeping bag to fit it in the rucksack.
3200	con	NOUN	a disadvantage; pros and cons are good and bad points	Let's list the pros and cons of getting a dog.
3201	conceal	VERB	to hide something	The squirrel concealed its nuts under the leaves.
3202	concede	VERB	to admit that something is true	He conceded that his sister was right.
3203	concession	NOUN	a lower price for some people; something you give up to agree	There are ticket concessions for children.
3204	confidential	ADJ	secret, not to be shared	Medical records are confidential.
3205	configure	VERB	to set up a machine or a program	Dad configured the new printer.
3206	conform	VERB	to follow the usual rules or ways of doing things	The new toys conform to European safety rules.
3207	congratulate	VERB	to tell someone that you are happy about their success	We congratulated her on the new baby.
3208	congregate	VERB	to come together in a group	Seagulls congregate around the fishing boats.
3209	conscience	NOUN	the feeling inside you that tells you what is right or wrong	His conscience told him to say sorry.
3210	consensus	NOUN	agreement among everyone in a group	The class reached a consensus on the hamster's name.
3211	consistency	NOUN	how thick or smooth something is; always behaving the same way	Stir the paint until it has a smooth consistency.
3212	console	VERB	to comfort someone who is sad	She consoled her friend after the race.
3213	consolidate	VERB	to make something stronger or more united	This week's lessons consolidate what we learned before.
3214	conspiracy	NOUN	a secret plan by a group of people to do something bad	The film is about a conspiracy to steal a famous painting.
3215	constituency	NOUN	an area whose voters choose one representative	Each constituency elects one member of parliament.
3216	contaminate	VERB	to make something dirty or harmful	Oil from the ship contaminated the beach.
3217	contemplate	VERB	to think about something carefully	We contemplate moving to the countryside.
3218	contempt	NOUN	the feeling that someone or something is worthless	She looked at the messy room with contempt.
3219	contingent	NOUN	a group of people who are part of a bigger group	A contingent of fans travelled from Vigo.
3220	contrary	ADJ	opposite	Contrary to what I thought, the test was easy.
3221	convenience	NOUN	something that makes life easier	For convenience, we keep the nappies by the door.
3222	convenient	ADJ	useful or easy for you	Is Tuesday convenient for you?
3223	conversion	NOUN	a change from one form to another	The conversion of the old barn into a house took a year.
3224	copper	NOUN	a reddish-brown metal	Old cooking pans are often made of copper.
3225	copyright	NOUN	the legal right to copy and sell a book, music or film	The author owns the copyright of her books.
3226	cord	NOUN	a thin rope or a cable	Pull the cord to open the blinds.
3227	corn	NOUN	maize; in Britain, also grain such as wheat	Some Galician bread is made with corn.
3228	corps	NOUN	a group of soldiers, or a group of people doing the same job	The press corps waited outside the building.
3229	costume	NOUN	clothes you wear to look like someone else	She wore a pirate costume to the carnival.
3230	couch	NOUN	a sofa	The cat sleeps on the couch all afternoon.
3231	counterpart	NOUN	a person or thing with the same job or role somewhere else	The Spanish minister met her French counterpart.
3232	coup	NOUN	a sudden and illegal takeover of a government	The army tried to take power in a coup.
3233	courtesy	NOUN	polite and kind behaviour	It's a simple courtesy to say thank you.
3234	credible	ADJ	easy to believe	His excuse was not very credible.
3235	critique	NOUN	a careful judgement of a piece of art or writing	The teacher wrote a short critique of each story.
3236	crude	ADJ	simple and not well made	We made a crude raft from old planks.
3237	crumble	VERB	to break into small pieces	The biscuit crumbled in my hand.
3238	crust	NOUN	the hard outside part of bread or a pie	Some children don't like the crust.
3239	cube	NOUN	a solid shape with six square sides	Put an ice cube in my water, please.
3240	cult	NOUN	a small religious group with unusual beliefs; something loved by a few fans	The old film became a cult classic.
3241	cultivate	VERB	to grow plants; to develop a skill	My grandparents cultivate potatoes in their garden.
3242	curse	VERB	to wish bad luck on someone; to say angry, rude words	The witch in the story cursed the princess.
3243	custody	NOUN	the state of being kept by the police; the right to look after a child	The police took the man into custody.
3244	cynical	ADJ	believing that people only care about themselves	Don't be so cynical, he really wants to help.
3245	dam	NOUN	a wall built across a river to hold back the water	Beavers build a dam with sticks and mud.
3246	dash	VERB	to run somewhere quickly	She dashed to the bus stop.
3247	deadline	NOUN	the time by which something must be done	The deadline for the drawing contest is Friday.
3248	deaf	ADJ	not able to hear, or not able to hear well	Our neighbour is deaf, so we talk to him in sign language.
3249	debut	NOUN	a first public appearance	The young singer made her debut at the summer festival.
3250	decay	NOUN	the slow breaking down of something	Sugar can cause tooth decay.
3251	decisive	ADJ	deciding things quickly; very important for the result	Her goal was decisive in the final.
3252	deduct	VERB	to take an amount away from a total	The shop deducted ten euros from the price.
3253	deem	VERB	to consider	The old bridge was deemed unsafe.
3254	deer	NOUN	a large wild animal; the males have antlers	We saw two deer in the forest.
3255	defect	NOUN	a fault in something	The toy went back to the shop because of a defect.
3256	defer	VERB	to put something off until later	We deferred the trip until spring.
3257	deficiency	NOUN	a lack of something that is needed	A vitamin deficiency can make you tired.
3258	defy	VERB	to refuse to obey	Toddlers sometimes defy their parents to test the rules.
3259	delicate	ADJ	easily broken; fine and gentle	Be careful, the glass is delicate.
3260	demography	NOUN	the study of how many people are born, live and move in a place	Demography shows that Galicia has an ageing population.
3261	depart	VERB	to leave	The train departs at nine o'clock.
3262	departure	NOUN	the act of leaving	Check the departure time of the ferry.
3263	dependence	NOUN	the state of needing someone or something	Babies have a total dependence on adults.
3264	deploy	VERB	to send people or equipment somewhere to be used	The town deployed snow ploughs on the roads.
3265	deprive	VERB	to take something important away from someone	The noisy party deprived us of sleep.
3266	despair	NOUN	the feeling that there is no hope	He threw up his hands in despair.
3267	despatch	VERB	to send someone or something somewhere	We will despatch your order tomorrow.
3268	destination	NOUN	the place where someone or something is going	Our destination is the Cíes Islands.
3269	destiny	NOUN	what will happen to someone in the future	She believed it was her destiny to be a singer.
3270	detach	VERB	to separate one thing from another	Detach the coupon from the bottom of the page.
3271	detain	VERB	to keep someone somewhere and not let them leave	The heavy traffic detained us for an hour.
3272	deter	VERB	to make someone decide not to do something	The rain didn't deter us from going to the beach.
3273	deteriorate	VERB	to become worse	The weather deteriorated in the afternoon.
3274	devil	NOUN	an evil spirit in stories; also used kindly for a naughty child	My little brother is a cheeky devil.
3275	devise	VERB	to think of a plan or a way of doing something	The children devised a game with a ball and a rope.
3276	diabetes	NOUN	an illness in which the body cannot control its sugar level	My grandpa has diabetes, so he checks his sugar every day.
3277	diagnose	VERB	to find out what illness someone has, or what is wrong	The vet diagnosed a cold in our cat.
3278	diagnosis	NOUN	the finding of what illness someone has, or what a problem is	The mechanic's diagnosis was a flat battery.
3279	diagram	NOUN	a simple drawing that explains something	The diagram shows the parts of a flower.
3280	dial	VERB	to press the numbers on a phone	Dial 112 in an emergency.
3281	diameter	NOUN	the length of a straight line through the middle of a circle	The pizza has a diameter of thirty centimetres.
3282	diamond	NOUN	a very hard, clear and valuable stone	Her ring has a tiny diamond.
3283	diary	NOUN	a book where you write what happens each day	I write in my diary every night.
3284	dictionary	NOUN	a book that lists words and explains their meanings	Look up the word in the dictionary.
3285	differentiate	VERB	to see or show the difference between things	Can you differentiate a frog from a toad?
3286	digest	VERB	to break down food so that the body can use it	It takes a few hours to digest a big meal.
3287	dignity	NOUN	a calm, serious way of behaving that earns respect	Everyone deserves to be treated with dignity.
3288	dilemma	NOUN	a difficult choice	Chocolate or strawberry? What a dilemma!
3289	dim	ADJ	not bright	The room was dim, so we turned on a lamp.
3290	diminish	VERB	to become smaller or weaker	The noise diminished as the parade moved away.
3291	dioxide	NOUN	a chemical with two parts of oxygen; carbon dioxide is a gas we breathe out	Plants take in carbon dioxide and give out oxygen.
3292	dip	VERB	to put something into a liquid for a moment	Dip your bread in the soup.
3293	disadvantage	NOUN	something that makes a situation harder	The only disadvantage of the flat is the noise.
3294	discard	VERB	to throw something away	Discard the old batteries in the right bin.
3295	disclose	VERB	to make information known	The company did not disclose the price.
3296	disclosure	NOUN	the act of making information known	The disclosure of the plans surprised everyone.
3297	discourage	VERB	to make someone less confident or less willing to do something	Don't let one mistake discourage you.
3298	disguise	NOUN	clothes or things that hide who you are	He wore a funny disguise with a big nose.
3299	disperse	VERB	to go away in different directions	The crowd dispersed after the concert.
3300	displace	VERB	to move someone or something from their usual place	The flood displaced many families.
3301	dissolve	VERB	to mix into a liquid and disappear	Sugar dissolves in warm water.
3302	distort	VERB	to change the shape or meaning of something	The funny mirror distorts your face.
3303	distract	VERB	to take someone's attention away	Please don't distract the driver.
3304	distress	NOUN	great worry or sadness	The lost puppy was in distress.
3305	dividend	NOUN	a part of a company's profits paid to its owners	The shareholders received a small dividend.
3306	divine	ADJ	related to God or a god; also, very good	This chocolate cake is divine!
3307	dock	NOUN	the part of a port where ships stop to load and unload	The fishing boats are tied up at the dock.
3308	documentary	NOUN	a film or television programme about real facts	We watched a documentary about whales.
3309	dolphin	NOUN	an intelligent sea animal that breathes air	Dolphins sometimes swim in the Ría de Vigo.
3310	domain	NOUN	an area of knowledge or activity; an internet address	Cooking is my dad's domain at home.
3311	dome	NOUN	a round roof	The church has a big blue dome.
3312	donor	NOUN	a person who gives something to help others	An anonymous donor paid for the new playground.
3313	dot	NOUN	a small round mark	Her dress has white dots.
3314	drip	VERB	to fall in small drops	Water drips from the tap all night.
3315	drown	VERB	to drown out a sound: to make it impossible to hear	Loud music can drown out a conversation.
3316	dual	ADJ	having two parts	The car has dual controls for learner drivers.
3317	dull	ADJ	boring; not bright	It was a dull, grey afternoon.
3318	duration	NOUN	how long something lasts	The duration of the film is ninety minutes.
3319	dwell	VERB	to think about something for too long; to live somewhere	Don't dwell on your mistakes.
3320	dynamic	ADJ	full of energy and new ideas	Our new teacher is very dynamic.
3321	eagle	NOUN	a large bird with a strong beak that hunts small animals	An eagle flew high above the mountains.
3322	earl	NOUN	a British nobleman	The earl lived in a castle in Scotland.
3323	ecological	ADJ	related to nature and the environment	Planting trees has an ecological benefit.
3324	ego	NOUN	your opinion of yourself, especially when it is too high	Winning the prize was good for his ego.
3325	elbow	NOUN	the joint in the middle of your arm	Keep your elbows off the table.
3326	electron	NOUN	a tiny part of an atom with a negative charge	Electricity is a flow of electrons.
3327	elegant	ADJ	beautiful and stylish	She wore an elegant dress to the wedding.
3328	elementary	ADJ	simple and basic	These are elementary maths problems.
3329	eligible	ADJ	allowed to do or have something	Children under six are eligible for free entry.
3330	embassy	NOUN	the building where an ambassador works	We got our visas at the embassy.
3331	embody	VERB	to show an idea or a quality clearly	She seems to embody kindness.
3332	emperor	NOUN	the ruler of an empire	The Roman emperor Hadrian built a long wall.
3333	empirical	ADJ	based on what you see and test, not only on ideas	Scientists need empirical evidence.
3334	enact	VERB	to make something into law; to act out a story	The children enacted the story of the three little pigs.
3335	enclose	VERB	to put something inside an envelope or a fence	I enclose a photo of the baby.
3336	endeavour	NOUN	a serious effort to do something	Building the tree house was a family endeavour.
3337	endow	VERB	to give money or a quality to someone or something	Nature endowed the cat with great balance.
3338	enlarge	VERB	to make bigger	We enlarged the photo to put it on the wall.
3339	enlighten	VERB	to explain something to someone	Can you enlighten me about the new timetable?
3340	enrich	VERB	to make something better by adding to it	Reading together enriches a child's vocabulary.
3341	enrol	VERB	to put your name on a list to join a course or a school	We enrolled our daughter at the nursery school.
3342	entity	NOUN	something that exists as a separate thing	The museum is now an independent entity.
3343	entrepreneur	NOUN	a person who starts a business	The young entrepreneur opened a bakery.
3344	envy	VERB	to wish you had what someone else has	I envy your long holidays!
3345	equity	NOUN	fairness; the value of a property minus what you owe	The school works for equity among all its pupils.
3346	erect	VERB	to build or put up	They erected a tent in the garden.
3347	erupt	VERB	when a volcano erupts, it throws out hot rock and gas	The volcano on La Palma erupted in 2021.
3348	escort	VERB	to go with someone to protect or guide them	A teacher will escort the children to the bus.
3349	essence	NOUN	the most important part of something	Kindness is the essence of friendship.
3350	et	X	used in Latin phrases such as et cetera, meaning and	Bring paper, pencils, crayons, et cetera.
3351	ethical	ADJ	about what is right and wrong	Is it ethical to keep animals in small cages?
3352	ethics	NOUN	the rules about what is right and wrong	Doctors study medical ethics.
3353	evacuate	VERB	to move people out of a dangerous place	The school was evacuated during the fire drill.
3354	eve	NOUN	the day or the evening before a special day	We eat together on Christmas Eve.
3355	evenly	ADV	in equal amounts	Spread the butter evenly on the bread.
3356	evoke	VERB	to bring a memory or a feeling to mind	The smell of the sea evokes my childhood.
3357	exaggerate	VERB	to say that something is bigger or better than it is	Don't exaggerate, it was only a small spider!
3358	excavate	VERB	to dig in the ground to find old things	Archaeologists excavate the ruins of a Roman villa.
3359	exclaim	VERB	to say something suddenly and loudly	The boy exclaimed with joy when he saw the snow.
3360	exclusion	NOUN	the keeping of someone or something out	No child should face exclusion from the game.
3361	exempt	ADJ	not having to do something that others must do	Babies are exempt from paying on the bus.
3362	exert	VERB	to use strength or power	You have to exert a lot of force to open this jar.
3363	exile	VERB	to send someone away from their country as a punishment	The king was exiled to a small island.
3364	exit	NOUN	a way out	The exit is at the back of the hall.
3365	exotic	ADJ	from a faraway place and unusual	The zoo has many exotic birds.
3366	expedition	NOUN	a long journey to explore a place	The scientists set off on an expedition to the Arctic.
3367	expertise	NOUN	special skill or knowledge	We need your expertise in fixing bikes.
3368	explode	VERB	to burst with a loud noise	The balloon exploded with a bang.
3369	eyebrow	NOUN	the line of hair above your eye	She raised an eyebrow in surprise.
3370	faction	NOUN	a small group inside a larger group that disagrees with the rest	The club split into two factions.
3371	fake	ADJ	not real	The pirate had a fake beard.
3372	fame	NOUN	the state of being known by many people	The singer found fame very young.
3373	fare	NOUN	the money you pay to travel	Children pay a reduced fare on the bus.
3374	fatal	ADJ	causing someone to lose their life; causing failure	Forgetting the map was a fatal mistake for our treasure hunt.
3375	fax	NOUN	a copy of a document sent through a telephone line	Hardly anyone sends a fax nowadays.
3376	federate	VERB	to join together under one government or organisation	The local clubs decided to federate.
3377	feminine	ADJ	typical of women; in grammar, of one of the classes of words	In Spanish, the word mesa is feminine.
3378	ferry	VERB	to carry people or things by boat or by car	Boats ferry tourists to the Cíes Islands.
3379	fever	NOUN	a high body temperature when you are ill	The baby has a slight fever.
3380	fined	VERB	made to pay money as a punishment	The driver was fined for parking on the pavement.
3381	fiscal	ADJ	related to government money and taxes	The fiscal year starts in January.
3382	fist	NOUN	a hand with the fingers closed tightly	He held the coins tightly in his fist.
3383	flank	VERB	to be on both sides of something	Two tall trees flank the gate.
3384	flap	VERB	to move up and down like wings	The ducks flapped their wings.
3385	flaw	NOUN	a small fault	There's a flaw in the glass.
3386	fleet	NOUN	a group of ships, buses or planes	The fishing fleet sails out at dawn.
3387	flick	VERB	to move something with a quick movement of your finger	She flicked through the pages of the book.
3388	flicker	VERB	to shine on and off	The candle flickered in the wind.
3389	fling	VERB	to throw something carelessly	Don't fling your coat on the floor!
3390	flock	NOUN	a group of sheep, goats or birds	A flock of sheep crossed the road.
3391	flour	NOUN	a powder made from grain, used for bread and cakes	Mix the flour with the eggs.
3392	flourish	VERB	to grow well	Tomatoes flourish in the sun.
3393	fluid	NOUN	a liquid	Drink plenty of fluids when it's hot.
3394	flush	VERB	to clean a toilet with water; to go red in the face	Don't forget to flush the toilet.
3395	fog	NOUN	thick cloud near the ground	The fog covered the bay this morning.
3396	fond	ADJ	liking someone or something	She is very fond of her grandma.
3397	forbid	VERB	to say that someone must not do something	The rules forbid running in the corridors.
3398	fore	NOUN	the front part; to the fore means to an important position	New ideas came to the fore at the meeting.
3399	forehead	NOUN	the part of your face above your eyes	Mum kissed me on the forehead.
3400	foresee	VERB	to know that something will happen	Nobody could foresee the storm.
3401	forge	VERB	to shape metal by heating and hitting it	The blacksmith forged a horseshoe.
3402	fork	NOUN	a tool with points for eating	Use a fork to eat your salad.
3403	fort	NOUN	a strong building made to protect a place	The old fort guards the entrance to the bay.
3404	forum	NOUN	a place or a meeting for discussion	Parents can share ideas in the school forum.
3405	fossil	NOUN	the shape of an old animal or plant kept in rock	We found a fossil of a shell on the beach.
3406	foul	ADJ	very dirty or unpleasant	The bin had a foul smell.
3407	fraction	NOUN	a small part of something; in maths, a number such as one half	She ate only a fraction of her dinner.
3408	fracture	VERB	to break a bone or a hard material	He fractured his wrist skiing.
3409	fragile	ADJ	easily broken	Careful, that vase is fragile.
3410	franchise	NOUN	the right to sell a company's products using its name	They opened a franchise of a pizza chain.
3411	fraud	NOUN	tricking people to get money illegally	The bank warned us about phone fraud.
3412	fringe	NOUN	hair cut short over the forehead; the edge of something	She cut her fringe too short.
3413	frontier	NOUN	the border between two countries; the edge of what is known	Space is the last frontier.
3414	frown	VERB	to make an angry or worried face	Dad frowned when he saw the mess.
3415	furious	ADJ	very angry	She was furious about the broken window.
3416	furnish	VERB	to put furniture in a room	They furnished the nursery with second-hand things.
3417	fuse	VERB	to join things together, often with heat	The two pieces of metal fused in the heat.
3418	galaxy	NOUN	a very large group of stars	Our galaxy is called the Milky Way.
3419	gallon	NOUN	a unit for liquids; in Britain, about four and a half litres	The bucket holds about a gallon of water.
3420	gamble	VERB	to risk money or something else on a result	We gambled on the weather and went to the beach.
3421	garlic	NOUN	a plant with a strong taste, used in cooking	Grandma puts garlic in everything.
3422	gasp	VERB	to breathe in suddenly because you are surprised	The children gasped at the fireworks.
3423	gauge	VERB	to measure or judge something	It's hard to gauge how deep the water is.
3424	genius	NOUN	a very clever person	You fixed it? You're a genius!
3425	genre	NOUN	a type of book, music or film	Fairy tales are my favourite genre.
3426	geology	NOUN	the study of rocks and how the earth was formed	In geology we looked at different rocks.
3427	geometry	NOUN	the maths of shapes, lines and angles	In geometry we learned about triangles.
3428	glamour	NOUN	an exciting and attractive quality	The film festival has a lot of glamour.
3429	glare	VERB	to look angrily at someone	The cat glared at the dog.
3430	gleam	VERB	to shine softly	The wet stones gleamed in the sun.
3431	glide	VERB	to move smoothly and quietly	The swans glide across the lake.
3432	glimpse	NOUN	a quick look	We caught a glimpse of a fox.
3433	gloom	NOUN	darkness; a feeling of sadness	We walked home in the winter gloom.
3434	glove	NOUN	a covering for your hand with a part for each finger	I lost a glove at the park.
3435	glue	VERB	to stick things together	Glue the leaves onto the paper.
3436	goat	NOUN	an animal with horns, often kept for its milk	The goat ate the flowers in the garden.
3437	gospel	NOUN	one of the four books about Jesus in the Bible; a style of religious music	The choir sang a gospel song.
3438	gossip	NOUN	talk about other people's private lives	The neighbours love a bit of gossip.
3439	graph	NOUN	a drawing that shows numbers with lines or bars	The graph shows how tall our sunflowers grew.
3440	gravel	NOUN	small stones used on paths	The car crunched over the gravel.
3441	graze	VERB	to eat grass in a field	Cows graze in the meadow.
3442	grease	NOUN	thick oil or fat	There's grease on your bike chain.
3443	greed	NOUN	the wish to have more than you need	The story warns us about greed.
3444	greenhouse	NOUN	a glass building for growing plants	We grow tomatoes in the greenhouse.
3445	grid	NOUN	a pattern of squares made by lines	Draw a grid of nine squares.
3446	grief	NOUN	deep sadness, especially after losing someone you love	Children show grief in different ways.
3447	grill	NOUN	a part of a cooker that cooks with heat from above; a barbecue	Put the sardines on the grill.
3448	grim	ADJ	serious and worrying; very unpleasant	The weather forecast looks grim.
3449	grind	VERB	to crush something into small pieces or powder	We grind coffee beans every morning.
3450	guardian	NOUN	a person who legally looks after a child	Parents or guardians must sign the form.
3451	guerilla	NOUN	a member of a small, unofficial army; also used for small surprise actions	Neighbours did some guerilla gardening on the empty lot.
3452	gulf	NOUN	a large area of sea partly surrounded by land	The Gulf of Mexico is very warm.
3453	gut	NOUN	the tube in your body that food goes through; a gut feeling is an instinct	My gut feeling says we should go home.
3454	habitat	NOUN	the natural home of an animal or a plant	The wetland is a habitat for many birds.
3455	hammer	NOUN	a tool with a heavy metal head for hitting nails	Hit the nail gently with the hammer.
3456	handicap	NOUN	something that makes it harder for you to succeed	Not speaking the language was a handicap at first.
3457	handsome	ADJ	good-looking	What a handsome dog!
3458	harass	VERB	to keep annoying or worrying someone	Please don't harass the cat; let it sleep.
3459	hardware	NOUN	tools and equipment for the house; the machines of a computer	We bought nails at the hardware shop.
3460	harmony	NOUN	peaceful agreement; notes that sound good together	The choir sang in perfect harmony.
3461	harvest	VERB	to collect crops when they are ready	We harvest the grapes in September.
3462	haste	NOUN	great speed	In her haste, she forgot her keys.
3463	hatch	VERB	to come out of an egg	The chicks hatched this morning.
3464	haul	VERB	to pull something heavy	The fishermen hauled in their nets.
3465	haunt	VERB	to visit a place as a ghost; to keep coming back to your mind	People say a friendly ghost haunts the old castle.
3466	heir	NOUN	a person who will receive someone's money, home or title	The prince is the heir to the throne.
3467	helicopter	NOUN	an aircraft with spinning blades on top	A rescue helicopter flew over the beach.
3468	helmet	NOUN	a hard hat that protects your head	Always wear a helmet on your bike.
3469	herb	NOUN	a plant used to add flavour to food	Parsley is my favourite herb.
3470	herd	NOUN	a large group of animals of one kind	A herd of cows blocked the lane.
3471	hierarchy	NOUN	a system with levels from the most to the least important	There is a strict hierarchy in a wolf pack.
3472	hollow	NOUN	a hole or an empty space inside something	An owl lives in the hollow of that tree.
3473	homosexual	ADJ	attracted to people of the same gender	Spain allowed homosexual couples to marry in 2005.
3474	hood	NOUN	the part of a coat that covers your head	Put your hood up, it's raining.
3475	hop	VERB	to jump on one foot, or with both feet together	Can you hop like a rabbit?
3476	horizon	NOUN	the line where the sky seems to meet the land or the sea	The sun sank below the horizon.
3477	horizontal	ADJ	flat, going from side to side	Draw a horizontal line across the page.
3478	hormone	NOUN	a chemical in the body that controls growth and other changes	The body makes growth hormone during deep sleep.
3479	horn	NOUN	a hard pointed part on an animal's head; a thing that makes a loud noise	The driver sounded the horn.
3480	hostage	NOUN	a person held by someone until their demands are met	In the film, the pirates held the captain hostage.
3481	hug	VERB	to hold someone tightly in your arms	Hug your teddy and go to sleep.
3482	humble	ADJ	not proud	Despite her success, she stayed humble.
3483	humiliate	VERB	to make someone feel ashamed	Never humiliate a child in front of others.
3484	hurricane	NOUN	a storm with very strong winds	The hurricane damaged many houses.
3485	hut	NOUN	a small, simple building	The shepherds slept in a stone hut.
3486	hybrid	NOUN	a mix of two different things; a car with a petrol and an electric engine	We drive a hybrid to save fuel.
3487	hydrogen	NOUN	the lightest gas	Water is made of hydrogen and oxygen.
3488	identical	ADJ	exactly the same	The twins are identical.
3489	ideological	ADJ	based on a set of political or social ideas	The two parties have deep ideological differences.
3490	idle	ADJ	not working or not being used	The machines stood idle during the holidays.
3491	illuminate	VERB	to light something up	Lanterns illuminate the street at night.
3492	illusion	NOUN	something that looks real but is not	The magician's trick was an illusion.
3493	imitate	VERB	to copy what someone does	Babies love to imitate faces.
3494	immense	ADJ	extremely large	The whale was immense.
3495	immigrate	VERB	to come to live in a new country	Her family immigrated to Spain from Brazil.
3496	impair	VERB	to make something weaker or worse	Loud noise can impair your hearing.
3497	impatient	ADJ	not able to wait calmly	The children were impatient for the show to start.
3498	implicit	ADJ	suggested but not said directly	There was an implicit promise in her smile.
3499	impulse	NOUN	a sudden wish to do something	He bought the toy on impulse.
3500	incidence	NOUN	how often something happens	The incidence of colds rises in winter.
3501	incline	VERB	to tend to do or think something	I incline to agree with you.
3502	inclusion	NOUN	the state of being part of a group	Our school believes in the inclusion of every child.
3503	indifferent	ADJ	not interested	The cat seemed indifferent to the new toy.
3504	indigenous	ADJ	living or growing naturally in a place	The oak is indigenous to Galicia.
3505	indirect	ADJ	not straight or direct	We took an indirect route to avoid the traffic.
3506	induce	VERB	to make something happen; to persuade someone	Nothing could induce me to swim in that cold sea!
3507	indulge	VERB	to let yourself or someone have something enjoyable	On Sundays we indulge in churros with chocolate.
3508	infer	VERB	to work something out from what you already know	From the wet coats, we can infer that it's raining.
3509	infinite	ADJ	without limits or an end	Children seem to have infinite energy.
3510	inflame	VERB	to make feelings stronger; to make part of the body red and swollen	His rude comment inflamed the argument.
3511	informal	ADJ	relaxed, not official	The party is informal, so wear what you like.
3512	infrastructure	NOUN	the basic systems a place needs, such as roads and water	The town is improving its infrastructure.
3513	inherent	ADJ	being a natural part of something	There is some risk inherent in every sport.
3514	inhibit	VERB	to stop something from happening or growing	Cold weather inhibits plant growth.
3515	ink	NOUN	the coloured liquid in pens	The squid squirted black ink.
3516	inn	NOUN	a small hotel or pub, often in the country	We stayed at an old inn in the mountains.
3517	innovative	ADJ	new and original	The school uses innovative ways to teach reading.
3518	insect	NOUN	a small creature with six legs	A ladybird is a small red insect with black spots.
3519	insulate	VERB	to cover something to keep heat in or noise out	We insulated the attic to keep the house warm.
3520	insult	VERB	to say something rude to someone	Please don't insult your sister.
3521	intact	ADJ	not damaged	The eggs arrived intact.
3522	integral	ADJ	necessary and important as part of a whole	Play is an integral part of learning.
3523	integrity	NOUN	the quality of being honest	She is a person of great integrity.
3524	intelligent	ADJ	clever	Octopuses are very intelligent animals.
3525	interface	NOUN	the screen and controls that let you use a computer program	The app has a simple interface.
3526	interim	ADJ	for a short time, until something permanent is decided	An interim director will run the museum.
3527	interval	NOUN	a period between two events; a break in a show	We bought ice cream during the interval.
3528	intimidate	VERB	to frighten someone so that they do what you want	The big dog's bark can intimidate visitors.
3529	intrigue	NOUN	secret planning; a feeling of interest	The novel is full of royal intrigue.
3530	invade	VERB	to enter a country by force; to arrive in large numbers	Ants invaded our picnic.
3531	invoke	VERB	to call on a law or a power for help	The wizard invoked the spirits of the forest.
3532	irritate	VERB	to annoy; to make skin sore	Wool can irritate a baby's skin.
3533	jar	VERB	to give a sudden shock; to sound unpleasant	The loud music jarred on my ears.
3534	jazz	NOUN	a style of music with strong rhythms that began in New Orleans	My uncle plays the saxophone in a jazz band.
3535	jerk	VERB	to move suddenly	The bus jerked forward.
3536	jewellery	NOUN	rings, necklaces and bracelets	Grandma keeps her jewellery in a little box.
3537	judicial	ADJ	related to courts and judges	The judicial system must be fair.
3538	jungle	NOUN	a thick tropical forest	Tigers live in the jungle.
3539	jurisdiction	NOUN	the official power to make legal decisions in an area	This case is outside the court's jurisdiction.
3540	juvenile	ADJ	young; related to young people	Juvenile gulls have brown feathers.
3541	keyboard	NOUN	the set of keys on a computer or a piano	She plays the keyboard in the school band.
3542	kidnap	VERB	to take someone away by force and keep them	In the fairy tale, the giant kidnaps the princess.
3543	kilogram	NOUN	a unit of weight equal to 1,000 grams	A newborn baby weighs about three kilograms.
3544	kin	NOUN	your family and relatives	Next of kin must sign the form.
3545	kit	NOUN	a set of things needed for an activity	Always keep a first-aid kit in the car.
3546	kneel	VERB	to go down on your knees	Kneel down to look the child in the eye.
3547	knot	NOUN	a place where string or rope is tied	Can you tie a knot in your shoelace?
3548	lace	VERB	to tie shoes with laces	Lace up your shoes before you go out.
3549	ladder	NOUN	steps for climbing up something	Dad climbed the ladder to fix the roof.
3550	landlord	NOUN	a person who rents a house or a flat to someone	Our landlord fixed the heater.
3551	lap	NOUN	the top of your legs when you are sitting	The baby fell asleep on my lap.
3552	laser	NOUN	a very strong, narrow beam of light	The teacher used a laser pointer to show the map.
3553	laundry	NOUN	clothes that need washing, or that have just been washed	Can you help me fold the laundry?
3554	leaf	NOUN	the flat green part of a plant	A red leaf fell from the tree.
3555	legacy	NOUN	something passed on from an earlier time or person	The old bridge is a legacy of the Romans.
3556	legislature	NOUN	the group of people who make laws	The legislature passed a new law on education.
3557	leisure	NOUN	free time	What do you do in your leisure time?
3558	lemon	NOUN	a yellow fruit with a sour taste	Squeeze a lemon over the fish.
3559	lens	NOUN	a curved piece of glass in glasses, cameras or microscopes	Clean the lens of the camera.
3560	lesbian	NOUN	a woman who is attracted to other women	Her aunt is a lesbian and is married to a doctor.
3561	lever	NOUN	a bar that you push or pull to move something	Pull the lever to open the gate.
3562	lick	VERB	to move your tongue over something	The puppy licked my hand.
3563	lieutenant	NOUN	an officer in the army or the navy	The lieutenant gave the orders.
3564	likewise	ADV	in the same way	She tidied her room, and her brother did likewise.
3565	limb	NOUN	an arm or a leg; a large branch	The monkey swung from limb to limb.
3566	linear	ADJ	in a straight line; going step by step	Draw a linear timeline of your day.
3567	linger	VERB	to stay longer than necessary	The smell of the cake lingered in the kitchen.
3568	linguistic	ADJ	related to language	The class studied the linguistic differences between Galician and Spanish.
3569	literacy	NOUN	the ability to read and write	Reading stories at home builds early literacy.
3570	lively	ADJ	full of energy	The market is lively on Saturdays.
3571	liver	NOUN	a large organ in the body that helps to digest food	Some grandparents still cook liver and onions.
3572	longing	NOUN	a strong wish for something	She felt a longing for the sea.
3573	loom	VERB	to appear as a large, unclear shape	A huge ship loomed out of the fog.
3574	loop	VERB	to make a circle shape	Loop the string around your finger.
3575	lounge	VERB	to sit or lie in a relaxed way	We lounged on the beach all afternoon.
3576	lung	NOUN	one of the two organs in your chest that you breathe with	Take a deep breath and fill your lungs with air.
3577	lyric	NOUN	the words of a song	I can't remember the lyrics.
3578	magnificent	ADJ	very beautiful and impressive	The view from the castle is magnificent.
3579	magnitude	NOUN	the great size or importance of something	We didn't realise the magnitude of the problem.
3580	mammal	NOUN	an animal that feeds its babies with milk	Whales are mammals, not fish.
3581	mandate	NOUN	the official authority to do something	The new mayor has a clear mandate.
3582	manuscript	NOUN	a book or a document written by hand or before printing	The museum has a medieval manuscript.
3583	marble	NOUN	a hard smooth stone; a small glass ball for playing with	We played marbles in the playground.
3584	marched	VERB	walked with regular steps, like soldiers	The children marched in the carnival parade.
3585	mat	NOUN	a small rug	The baby plays on a soft mat.
3586	matrix	NOUN	in maths, numbers set out in rows and columns	A matrix has rows and columns of numbers.
3587	maximise	VERB	to make something as big as possible	Open the curtains to maximise the light.
3588	meantime	NOUN	in the meantime: while you are waiting for something	Dinner is nearly ready; in the meantime, wash your hands.
3589	medal	NOUN	a round piece of metal given as a prize	She won a gold medal in swimming.
3590	mediate	VERB	to help two sides agree	The teacher mediated between the two friends.
3591	medieval	ADJ	from the Middle Ages, roughly from 500 to 1500	We visited a medieval castle.
3592	melody	NOUN	a tune	Hum the melody of your favourite song.
3593	merchant	NOUN	a person who buys and sells goods	Merchants sold spices in the old port.
3594	mercy	NOUN	kindness shown to someone you could punish	The king showed mercy and set the prisoners free.
3595	merit	NOUN	a good quality	The plan has many merits.
3596	metaphor	NOUN	a way of describing something by calling it something else	Saying that life is a journey is a metaphor.
3597	metropolitan	ADJ	related to a large city and the area around it	The metropolitan area of Vigo has about half a million people.
3598	mid	ADJ	in the middle of	We'll go on holiday in mid-August.
3599	mighty	ADJ	very strong and powerful	The mighty river flooded the valley.
3600	militant	ADJ	using strong or extreme methods to support a cause	A militant group blocked the road in protest.
3601	milligram	NOUN	a thousandth of a gram	The medicine is measured in milligrams.
3602	mineral	NOUN	a natural substance found in rocks or in food	Milk has minerals such as calcium.
3603	minimal	ADJ	very small	The storm caused minimal damage.
3604	minimise	VERB	to make something as small as possible	Wash your hands to minimise the spread of germs.
3605	miracle	NOUN	an amazing event that seems impossible	It was a miracle that nobody got hurt.
3606	miserable	ADJ	very unhappy	The rainy weather made everyone miserable.
3607	mist	NOUN	a thin cloud near the ground	Morning mist covered the river.
3608	mobilise	VERB	to bring people together to do something	The town mobilised volunteers to clean the beach.
3609	mock	VERB	to laugh at someone in an unkind way	Never mock someone for their accent.
3610	moisture	NOUN	a small amount of water in the air or in something	Plants take moisture from the soil.
3611	momentum	NOUN	the force that keeps something moving	The sledge gained momentum down the hill.
3612	monarch	NOUN	a king or a queen	The monarch waved to the crowd.
3613	monetary	ADJ	related to money	The euro is the monetary unit of Spain.
3614	monopoly	NOUN	complete control of a market by one company	One company has a monopoly on the island ferries.
3615	monument	NOUN	a statue or a building that helps people remember someone	There is a monument to Jules Verne in Vigo.
3616	mould	VERB	to shape something soft	The children moulded animals out of clay.
3617	mourn	VERB	to feel very sad because someone has passed away	The town mourned the old fisherman.
3618	ms	NOUN	a title used before a woman's surname	Ms López is our new teacher.
3619	multiply	VERB	to add a number to itself a certain number of times	If you multiply two by three, you get six.
3620	municipal	ADJ	belonging to a town or a city	Our children go to a municipal nursery school.
3621	murmur	VERB	to speak very quietly	She murmured a lullaby to the baby.
3622	mushroom	NOUN	a fungus with a round top; some kinds can be eaten	We found mushrooms in the forest, but we didn't pick them.
3623	mutter	VERB	to speak quietly, often because you are annoyed	He muttered something under his breath.
3624	navigate	VERB	to find your way	Sailors used the stars to navigate.
3625	necessity	NOUN	something that you need	Water is a necessity, not a luxury.
3626	needle	NOUN	a thin metal tool for sewing; a thin leaf of a pine tree	Grandma threaded the needle for me.
3627	nightmare	NOUN	a very frightening dream	She woke up after a nightmare and came to our bed.
3628	noble	ADJ	honest, brave and kind	It was a noble thing to share your lunch.
3629	nonetheless	ADV	in spite of that	It was raining; nonetheless, we went for a walk.
3630	nonsense	NOUN	words or ideas that are silly or have no meaning	The rhyme is full of funny nonsense words.
3631	noon	NOUN	twelve o'clock in the middle of the day	The church bells ring at noon.
3632	norm	NOUN	what is usual or expected	Sharing toys is the norm in our nursery.
3633	notorious	ADJ	famous for something bad	This corner is notorious for traffic jams.
3634	nought	NOUN	zero	One hundred has two noughts.
3635	nursery	NOUN	a place where young children are looked after; a baby's room	She goes to the nursery three days a week.
3636	nutrition	NOUN	the food that you need to grow and stay healthy	Good nutrition is important for growing children.
3637	obey	VERB	to do what you are told	Dogs learn to obey simple commands.
3638	obscure	VERB	to hide something or make it hard to see	Clouds obscured the moon.
3639	obsess	VERB	to think about something all the time	Don't obsess about being perfect.
3640	obstacle	NOUN	something that blocks your way	We built an obstacle course with cushions.
3641	obstruct	VERB	to block a road or a path	Don't obstruct the fire exit.
3642	odour	NOUN	a smell, often an unpleasant one	There's a strange odour in the fridge.
3643	offset	VERB	to balance one thing against another	We planted trees to offset our car trips.
3644	olive	ADJ	of a yellowish-green colour	He wore an olive jacket.
3645	omit	VERB	to leave something out	Don't omit your name from the form.
3646	ongoing	ADJ	still happening	The repairs to the school are ongoing.
3647	oppress	VERB	to treat people in an unfair and cruel way	The cruel king oppressed his people.
3648	opt	VERB	to choose	We opted for the train instead of the car.
3649	optic	ADJ	related to the eyes or to light	The optic nerve connects the eye to the brain.
3650	optimist	NOUN	a person who expects good things to happen	My grandma is a real optimist.
3651	orbit	NOUN	the path of a planet or a satellite around something	The moon takes about a month to complete its orbit.
3652	orchestra	NOUN	a large group of musicians who play together	The orchestra played music for children.
3653	organism	NOUN	a living thing	A tiny organism can live in a drop of water.
3654	originate	VERB	to start or to come from somewhere	Tomatoes originate from South America.
3655	orthodox	ADJ	following the usual or traditional ideas	Her teaching methods are not very orthodox.
3656	ounce	NOUN	a small unit of weight, about 28 grams	The recipe needs four ounces of butter.
3657	outfit	NOUN	a set of clothes worn together	She wore a new outfit for the party.
3658	outlet	NOUN	a shop that sells goods; a way to express feelings	Painting is a good outlet for his energy.
3659	outlook	NOUN	your attitude to life; what is likely to happen	She has a positive outlook on life.
3660	overhead	ADV	above your head	A plane flew overhead.
3661	overlap	VERB	to cover part of the same space or time	The two lessons overlap by ten minutes.
3662	overnight	ADV	during the night	Leave the beans to soak overnight.
3663	oversee	VERB	to watch and manage work	A lifeguard oversees the swimmers.
3664	owl	NOUN	a bird with big eyes that is awake at night	We heard an owl hooting in the dark.
3665	oxygen	NOUN	the gas in the air that we need to breathe	Fish take oxygen from the water.
3666	ozone	NOUN	a gas in the air; the ozone layer protects the Earth from the sun's rays	Scientists are watching the hole in the ozone layer.
3667	packet	NOUN	a small box or bag	Can you open this packet of crisps?
3668	parade	NOUN	a group of people walking through the streets to celebrate	The carnival parade goes past our house.
3669	paradox	NOUN	a statement that seems impossible but may be true	It's a paradox that busy people often find the most free time.
3670	parameter	NOUN	a limit or a rule that sets how something is done	We agreed on the parameters of the project.
3671	particle	NOUN	a very small piece	Tiny particles of dust floated in the sunlight.
3672	passive	ADJ	letting things happen without acting	Children learn more when they are active, not passive.
3673	patent	NOUN	the official right to be the only one who makes an invention	The inventor got a patent for her new toy.
3674	patience	NOUN	the ability to wait calmly	Learning to ride a bike takes patience.
3675	patriot	NOUN	a person who loves their country	He was a proud patriot who loved his village.
3676	patrol	NOUN	a group of people or vehicles that go round an area to check it	A police patrol drove past the school.
3677	patron	NOUN	a person who supports an artist or a charity; a customer	The museum thanked its patrons.
3678	pearl	NOUN	a small white ball that grows inside an oyster	She wore a pearl necklace.
3679	peculiar	ADJ	strange	What a peculiar noise!
3680	peel	VERB	to take the skin off fruit or vegetables	Can you peel the potatoes?
3681	peered	VERB	looked carefully, as if it was hard to see	The owl peered down at us from the branch.
3682	pencil	NOUN	a thin stick of wood with grey or coloured material inside, for writing	Sharpen your pencil before you start.
3683	penetrate	VERB	to go into or through something	Sunlight could not penetrate the thick forest.
3684	periphery	NOUN	the outer edge of an area	The new hospital is on the periphery of the city.
3685	petition	NOUN	a document signed by many people asking for something	Parents signed a petition for a new playground.
3686	physician	NOUN	a doctor	The physician listened to my chest.
3687	physics	NOUN	the science of energy, forces and movement	In physics we learn why things fall.
3688	pilgrim	NOUN	a person who travels to a holy place	Pilgrims walk the Camino to Santiago.
3689	pill	NOUN	a small round piece of medicine that you swallow	Keep pills where children can't reach them.
3690	pillow	NOUN	a soft thing to rest your head on in bed	Fluff up your pillow before you go to sleep.
3691	pinch	VERB	to press something tightly between your thumb and finger	Don't pinch your brother!
3692	pioneer	VERB	to be the first to do something	She pioneered a new way of teaching music.
3693	plague	VERB	to cause problems again and again	Mosquitoes plagued us all summer.
3694	plaintiff	NOUN	the person who takes someone to court	The plaintiff asked for her money back.
3695	plea	NOUN	an urgent request	The charity made a plea for warm blankets.
3696	plead	VERB	to ask for something very strongly	The children pleaded for five more minutes.
3697	pledge	VERB	to promise seriously	We pledge to recycle more at home.
3698	plunge	VERB	to jump or fall suddenly into something	The children plunged into the cold water.
3699	plural	ADJ	more than one; in grammar, the form for more than one	Children is the plural form of child.
3700	poke	VERB	to push something with your finger or a stick	Don't poke the jellyfish on the beach!
3701	polar	ADJ	related to the North or the South Pole	Polar bears live in the Arctic.
3702	pond	NOUN	a small area of still water	Frogs live in the pond.
3703	pope	NOUN	the head of the Roman Catholic Church	The pope visited Santiago de Compostela.
3704	portfolio	NOUN	a collection of work, such as drawings, to show someone	The art teacher looked at my portfolio.
3705	portray	VERB	to show or describe someone in a picture, a film or a book	The book portrays the life of fishermen in Vigo.
3706	poster	NOUN	a large printed picture or notice that you put on a wall	There's a poster of a whale in my room.
3707	postpone	VERB	to move an event to a later time	We had to postpone the picnic because of the rain.
3708	preach	VERB	to talk about religion in public; to give advice in a boring way	Don't preach at me, I know I'm late!
3709	precious	ADJ	very valuable or very loved	These photos are precious to me.
3710	predator	NOUN	an animal that hunts other animals	The fox is a predator of rabbits.
3711	predecessor	NOUN	the person who had a job before someone else	The new head teacher thanked her predecessor.
3712	predominant	ADJ	most common or strongest	Green is the predominant colour of the Galician countryside.
3713	prejudice	NOUN	an unfair opinion about someone, formed without knowing them	We should judge people without prejudice.
3714	preliminary	ADJ	coming before the main part	These are only preliminary results.
3715	premier	NOUN	the head of a government	The premier opened the new hospital.
3716	premium	NOUN	the money you pay for insurance; something extra	Our car insurance premium went up.
3717	preoccupy	VERB	to make someone think about something all the time	Don't let small worries preoccupy you.
3718	prescribe	VERB	to say officially what medicine someone should take	The doctor prescribed some cough syrup.
3719	prescription	NOUN	a doctor's written order for medicine	Take the prescription to the chemist's.
3720	presidency	NOUN	the time or the job of a president	Her presidency of the club lasted four years.
3721	prestige	NOUN	respect and admiration	The university has great prestige.
3722	prevail	VERB	to win in the end; to be common	Good sense prevailed in the end.
3723	prevalent	ADJ	common in a place or at a time	Colds are prevalent in winter.
3724	prey	NOUN	an animal that is hunted by another animal	Mice are prey for owls.
3725	primitive	ADJ	very simple; from an early stage of development	Early humans made primitive tools from stone.
3726	privatise	VERB	to sell a public company to private owners	The government plans to privatise the railway.
3727	proclaim	VERB	to announce something publicly	The king proclaimed a holiday.
3728	prolong	VERB	to make something last longer	We prolonged our holiday by a week.
3729	prop	NOUN	an object used in a play or a film; a support	The actors made the props from cardboard.
3730	proposition	NOUN	an idea or an offer	Moving to the countryside is an attractive proposition.
3731	prostitute	NOUN	a person who is paid for intimate relations	The novel tells the story of a prostitute in old Paris.
3732	protocol	NOUN	a set of rules for how to do something	The school has a protocol for fire drills.
3733	publicity	NOUN	attention from newspapers, television and the internet	The festival got a lot of publicity.
3734	pulse	NOUN	the beat of your heart that you can feel in your wrist	The nurse took my pulse.
3735	pursuit	NOUN	the act of trying to get or catch something	The cat ran in pursuit of the mouse.
3736	questionnaire	NOUN	a list of questions to collect information	Parents filled in a questionnaire about the school.
3737	quota	NOUN	a fixed amount or number that is allowed	Each boat has a fishing quota.
3738	rack	NOUN	a frame for holding things	Put the plates in the drying rack.
3739	ram	VERB	to hit something hard	The goat rammed the gate with its horns.
3740	ranger	NOUN	a person who looks after a park or a forest	The ranger showed us the birds' nests.
3741	rap	VERB	to hit something quickly and lightly	Someone rapped on the window.
3742	rattle	VERB	to make short knocking sounds	The windows rattled in the wind.
3743	realm	NOUN	a kingdom; an area of activity	The dragon guarded the realm of the snow queen.
3744	receipt	NOUN	a piece of paper that shows what you paid	Keep the receipt in case the toy breaks.
3745	recipient	NOUN	a person who receives something	The recipient of the prize was a seven-year-old girl.
3746	reconcile	VERB	to become friends again after an argument	The two brothers reconciled after the quarrel.
3747	recreation	NOUN	things you do for fun in your free time	The park is used for recreation.
3748	recur	VERB	to happen again	If the pain recurs, see a doctor.
3749	recycle	VERB	to use something again or make it into something new	We recycle glass, paper and plastic.
3750	refine	VERB	to improve something by making small changes	Let's refine our drawing before we paint it.
3751	refresh	VERB	to make someone feel less tired or hot	A cold drink will refresh you.
3752	regain	VERB	to get something back	He slowly regained his strength.
3753	regress	VERB	to go back to an earlier, less developed stage	Toddlers sometimes regress when a new baby arrives.
3754	rehabilitate	VERB	to help someone or something return to a normal life	The centre rehabilitates injured seabirds.
3755	rehearse	VERB	to practise a play or a piece of music	The choir rehearses on Thursdays.
3756	reign	VERB	to rule as a king or a queen	Queen Victoria reigned for sixty-three years.
3757	relevance	NOUN	how closely something is connected to what is happening	This old map has no relevance today.
3758	repay	VERB	to pay back money	I'll repay you tomorrow.
3759	repress	VERB	to stop yourself from showing a feeling; to control people by force	She tried to repress a giggle.
3760	resent	VERB	to feel angry about something that seems unfair	Older children may resent a new baby at first.
3761	residue	NOUN	a small amount that is left after something	Wipe off the sticky residue with warm water.
3762	retrieve	VERB	to get something back	The dog retrieved the ball from the sea.
3763	rhetoric	NOUN	language used to persuade people, often without real meaning	The speech was full of empty rhetoric.
3764	rib	NOUN	one of the curved bones around your chest	He hurt a rib playing rugby.
3765	ridge	NOUN	a long, narrow, raised part of land	We walked along the ridge of the hill.
3766	rifle	NOUN	a long firearm that is fired from the shoulder	The museum shows an old rifle from 1890.
3767	rigid	ADJ	stiff, not able to bend	The box is made of rigid plastic.
3768	rigour	NOUN	great care and accuracy	Scientists work with rigour.
3769	riot	NOUN	a noisy, out-of-control crowd; informally, something very funny	The party was a riot; we laughed all night.
3770	roast	VERB	to cook in an oven or over a fire	We roast chestnuts on cold autumn evenings.
3771	robot	NOUN	a machine that can do jobs by itself	The robot vacuum cleans the floor every morning.
3772	rocked	VERB	moved gently from side to side	She rocked the baby to sleep.
3773	rocket	NOUN	a vehicle that flies into space	The rocket took off into space.
3774	rod	NOUN	a long thin stick of wood or metal	Grandpa caught a fish with his fishing rod.
3775	romance	NOUN	a loving relationship; a love story	My aunt loves reading romance novels.
3776	roses	NOUN	sweet-smelling flowers that grow on bushes with thorns	Grandma grows red roses in her garden.
3777	rotate	VERB	to turn round a central point	The Earth rotates once every day.
3778	rubber	NOUN	a soft material that stretches; in Britain, also an eraser	Can I borrow your rubber, please?
3779	rug	NOUN	a small carpet	The children sat on the rug for story time.
3780	sack	NOUN	a large bag made of strong material	Santa carries a sack full of presents.
3781	sacred	ADJ	very important in a religion	Many cultures have sacred trees.
3782	salmon	NOUN	a large fish with pink flesh	Salmon swim up rivers to lay their eggs.
3783	sane	ADJ	mentally healthy; sensible	That's the only sane thing to do.
3784	satisfactory	ADJ	good enough	The results were satisfactory.
3785	savage	ADJ	very fierce and cruel	The knight fought a savage dragon.
3786	scar	NOUN	a mark left on the skin after a cut has healed	He has a small scar on his knee.
3787	scarce	ADJ	not easy to find; not enough	Water is scarce in the desert.
3788	scenario	NOUN	a possible situation	In the worst scenario, we'll eat sandwiches in the car.
3789	scent	NOUN	a pleasant smell	The scent of the roses filled the garden.
3790	sceptic	NOUN	a person who doubts that something is true	My dad is a sceptic about horoscopes.
3791	scholarship	NOUN	money given to a student to help pay for their studies	She won a scholarship to study music.
3792	scout	VERB	to look around an area to find something	We scouted the beach for a quiet spot.
3793	scramble	VERB	to climb or move quickly using your hands and feet	The children scrambled up the rocks.
3794	scrap	NOUN	a small piece of paper, cloth or food	Write it on a scrap of paper.
3795	scrape	VERB	to rub a surface with something sharp or rough	She scraped her knee on the pavement.
3796	script	NOUN	the written words of a play or a film	The actors learned the script by heart.
3797	scrutiny	NOUN	very careful examination	The new plan is under close scrutiny.
3798	secular	ADJ	not religious	The festival has both religious and secular traditions.
3799	seldom	ADV	not often	It seldom snows in Vigo.
3800	seminar	NOUN	a class or a meeting to discuss a subject	Teachers attended a seminar on early reading.
3801	senator	NOUN	a member of a senate	The senator visited the new school.
3802	sensation	NOUN	a feeling; great excitement	Sand gives a lovely sensation under your feet.
3803	sentencing	VERB	deciding officially in court what punishment someone will get	The judge will be sentencing the two men tomorrow.
3804	sentiment	NOUN	a feeling or an opinion	I share your sentiment about the new park.
3805	sergeant	NOUN	a rank in the army or the police	The sergeant checked the soldiers' uniforms.
3806	shaft	NOUN	a long thin part of something; a narrow beam of light	A shaft of sunlight came through the window.
3807	shallow	ADJ	not deep	Little ones can paddle in the shallow water.
3808	shatter	VERB	to break into many small pieces	The glass shattered on the floor.
3809	sheer	ADJ	complete; very steep	The children shouted with sheer joy.
3810	sheriff	NOUN	in the USA, an officer who keeps the law in a county	The sheriff in the cowboy film wore a star.
3811	shrink	VERB	to become smaller	Wool jumpers can shrink in hot water.
3812	signature	NOUN	your name written in your own special way	Put your signature at the bottom of the form.
3813	simulate	VERB	to copy how something looks or happens	The game simulates a trip to space.
3814	sincere	ADJ	honest and meaning what you say	Thank you for your sincere apology.
3815	sip	VERB	to drink in small amounts	Sip the hot chocolate slowly.
3816	sketch	NOUN	a quick, simple drawing	She made a sketch of the harbour.
3817	skip	VERB	to jump lightly; to miss something out	The children skipped along the path.
3818	skull	NOUN	the bones of the head	The museum has a dinosaur skull.
3819	slam	VERB	to close something hard and noisily	Please don't slam the door!
3820	slap	VERB	to hit something with an open hand or a flat object	Waves slapped against the boat.
3821	sleeve	NOUN	the part of a shirt that covers your arm	Roll up your sleeves before you paint.
3822	slim	ADJ	thin; small	There's only a slim chance of rain.
3823	slot	NOUN	a narrow opening; a time in a timetable	Put a coin in the slot.
3824	slump	VERB	to sit down heavily; to fall suddenly in value	He slumped onto the sofa after work.
3825	snatch	VERB	to take something quickly and roughly	Don't snatch the toy from your sister.
3826	soak	VERB	to leave something in water; to make something very wet	Soak the chickpeas overnight.
3827	soap	NOUN	a substance you use with water to wash	This soap smells of lavender.
3828	soar	VERB	to fly high in the sky; to rise quickly	Seagulls soar above the harbour.
3829	soccer	NOUN	football, mainly in American English	In the USA, football is called soccer.
3830	socialist	NOUN	a person who believes in socialism	The new mayor is a socialist.
3831	sociology	NOUN	the study of society and of how people live together	My cousin studies sociology at university.
3832	sodium	NOUN	a chemical element found in salt	Salt is made of sodium and chlorine.
3833	solar	ADJ	related to the sun	Our school has solar panels on the roof.
3834	solo	NOUN	something done by one person alone	She sang a solo at the concert.
3835	span	VERB	to cross from one side to the other; to last over a period	A long bridge spans the river.
3836	spark	NOUN	a tiny piece of fire; a small amount of a feeling	There was a spark of excitement in her eyes.
3837	sparkle	VERB	to shine with small flashes of light	The sea sparkled in the sunshine.
3838	spatial	ADJ	related to space and position	Building blocks help develop spatial skills.
3839	specimen	NOUN	a single example of something, used for study	The scientist collected a specimen of seaweed.
3840	spectacle	NOUN	an impressive show or sight	The tall ships were a wonderful spectacle.
3841	spectacular	ADJ	very exciting to look at	The fireworks were spectacular.
3842	spectrum	NOUN	a range of colours or ideas	A rainbow shows the colours of the spectrum.
3843	sphere	NOUN	a round solid shape like a ball; an area of activity	The Earth is almost a perfect sphere.
3844	spice	NOUN	a powder or a seed that gives food flavour	Cinnamon is my favourite spice.
3845	spike	NOUN	a sharp point; a sudden increase	The fence has sharp spikes on top.
3846	spine	NOUN	the bones down the middle of your back; the back of a book	The spine of my storybook is torn.
3847	spit	VERB	to push liquid or food out of your mouth	Spit out the toothpaste when you finish brushing.
3848	splash	VERB	to make water fly about in drops	The children splashed in the puddles.
3849	spontaneous	ADJ	done without planning	The children gave a spontaneous round of applause.
3850	spoon	NOUN	a tool with a small bowl at the end, for eating	Toddlers love to feed themselves with a spoon.
3851	spouse	NOUN	a husband or a wife	Staff can bring their spouse to the dinner.
3852	spur	NOUN	something that encourages you to do something	The prize was a spur to keep practising.
3853	spy	VERB	to see or notice something; to watch secretly	I spy with my little eye something beginning with B.
3854	squad	NOUN	a small group of people who work or play together	The football squad trained in the rain.
3855	stab	VERB	to push a knife or another sharp object into something	Stab the potatoes with a fork to see if they're cooked.
3856	stack	NOUN	a neat pile	There's a stack of books on the table.
3857	stadium	NOUN	a large sports ground with seats all around	Celta plays at the Balaídos stadium.
3858	stagger	VERB	to walk with difficulty, almost falling	The tired hiker staggered into the hut.
3859	stall	NOUN	a table or a small shop at a market	We bought cherries from a stall at the market.
3860	stance	NOUN	a way of standing; an opinion	Take a wide stance to keep your balance.
3861	startle	VERB	to surprise and frighten someone suddenly	The loud bang startled the baby.
3862	statue	NOUN	a figure of a person or an animal made of stone or metal	There is a statue of a mermaid in the harbour.
3863	steep	ADJ	rising or falling sharply	The street up to the castle is very steep.
3864	steer	VERB	to control the direction of a vehicle	Dad let me steer the boat.
3865	stereotype	NOUN	a fixed, simple idea about a type of person	Pink for girls is an old stereotype.
3866	stern	ADJ	serious and strict	The teacher gave us a stern look.
3867	stimulus	NOUN	something that causes a reaction	Babies react to every new stimulus.
3868	sting	VERB	to hurt with a sharp point, as bees do	Nettles can sting your legs.
3869	stitch	NOUN	a loop of thread in sewing; a sudden pain in your side	Grandma sewed the button on with a few stitches.
3870	straightforward	ADJ	simple and easy to understand	The instructions are straightforward.
3871	strand	NOUN	a single thin piece of thread or hair	There's a strand of hair in my soup!
3872	strap	NOUN	a strip of leather or fabric	Fasten the strap of the car seat.
3873	straw	NOUN	dried stalks of grain; a thin tube for drinking	The horse sleeps on fresh straw.
3874	streak	NOUN	a thin line of colour; a series of wins	She has a blue streak in her hair.
3875	stride	NOUN	a long step	He crossed the room in three strides.
3876	stripe	NOUN	a long, thin line of colour	A zebra has black and white stripes.
3877	stroll	NOUN	a slow, relaxed walk	We went for a stroll along the beach.
3878	stuffed	ADJ	filled with something	He sleeps with a stuffed rabbit.
3879	stumble	VERB	to almost fall when you are walking	She stumbled on the stairs.
3880	subjected	VERB	made to experience something difficult or unpleasant	The tiles were subjected to very high heat.
3881	subjective	ADJ	based on personal opinion	Taste in music is subjective.
3882	subordinate	NOUN	a person with a lower position at work	A good boss listens to her subordinates.
3883	subscribe	VERB	to pay to receive something regularly	We subscribe to a children's magazine.
3884	subsidiary	NOUN	a company owned by a bigger company	The shop is a subsidiary of a large group.
3885	sued	VERB	took legal action against someone	The family sued the company for the damage.
3886	suite	NOUN	a set of rooms in a hotel; a piece of music in several parts	We stayed in a suite with a view of the sea.
3887	summon	VERB	to officially ask someone to come	The head teacher summoned the parents to a meeting.
3888	superb	ADJ	excellent	The view from the lighthouse is superb.
3889	supper	NOUN	a light evening meal	The children have supper before their bath.
3890	suppress	VERB	to stop something; to hide a feeling	She couldn't suppress a smile.
3891	surge	VERB	to move forward suddenly and strongly	The crowd surged towards the stage.
3892	surgeon	NOUN	a doctor who does operations	The surgeon fixed the boy's broken arm.
3893	surplus	NOUN	more than is needed	The farmer sells his surplus at the market.
3894	surrender	VERB	to stop fighting and accept that you have lost	The pirates surrendered to the navy.
3895	swift	ADJ	fast	The swift river carried the leaves away.
3896	syndrome	NOUN	a group of signs that come with an illness or a condition	Many children with Down syndrome go to our school.
3897	synthesis	NOUN	the combining of things to make something new	Plants make sugar by photosynthesis.
3898	tablespoon	NOUN	a large spoon, or the amount it holds	Add a tablespoon of olive oil.
3899	tag	VERB	to put a label on something	Tag each box with what is inside.
3900	tangle	NOUN	a twisted mass of hair or string	Brush the tangles out of your hair.
3901	telecom	NOUN	telecommunications: phones, the internet and similar systems	He works for a telecom company.
3902	telescope	NOUN	an instrument that makes faraway things look closer	We looked at the moon through a telescope.
3903	temple	NOUN	a building for worship; the side of your forehead	We visited an old Roman temple.
3904	tenant	NOUN	a person who pays rent to live in a place	The tenant pays the rent every month.
3905	terminal	NOUN	a building where passengers start or end a journey	Our flight leaves from terminal two.
3906	terminate	VERB	to end something	This train terminates at Vigo.
3907	terrace	NOUN	a flat area outside a house or a café	We had breakfast on the terrace.
3908	terrify	VERB	to make someone very frightened	Thunder used to terrify our dog.
3909	testament	NOUN	proof that something is true; one of the two parts of the Bible	Her garden is a testament to years of hard work.
3910	testimony	NOUN	a formal statement in court; proof of something	The witness gave her testimony to the judge.
3911	textile	NOUN	cloth made by weaving or knitting	Galicia has an important textile industry.
3912	texture	NOUN	how something feels when you touch it	Babies love to explore different textures.
3913	theft	NOUN	the act of stealing	Report any theft to the police.
3914	theology	NOUN	the study of religion	He studied theology in Salamanca.
3915	thesis	NOUN	a long piece of writing for a university degree	My aunt is writing her thesis on Galician music.
3916	thigh	NOUN	the top part of your leg	The water in the puddle came up to my thigh.
3917	thou	PRON	an old word for you, used when talking to one person	Shakespeare's characters often say thou instead of you.
3918	thread	VERB	to put a thread or a string through something	Can you thread the beads onto the string?
3919	threshold	NOUN	the bottom of a doorway; the level at which something starts	The cat sat on the threshold of the kitchen.
3920	thrive	VERB	to grow and develop well	Children thrive on love and routine.
3921	thrust	VERB	to push suddenly and strongly	He thrust his hands into his pockets.
3922	thumb	NOUN	the short, thick finger on the side of your hand	The baby sucks her thumb.
3923	thunder	NOUN	the loud noise that comes after lightning	The thunder woke us up.
3924	tick	NOUN	the short sound of a clock; a mark to show that something is right	Put a tick next to the right answer.
3925	tiger	NOUN	a large wild cat with orange fur and black stripes	The tiger slept in the shade.
3926	tile	NOUN	a flat square piece used to cover floors or walls	The bathroom has blue tiles.
3927	tilt	VERB	to lean to one side	Tilt your head back a little.
3928	timber	NOUN	wood used for building	The house is built of timber.
3929	tobacco	NOUN	a plant whose leaves are dried and smoked	Keep children away from tobacco smoke.
3930	tolerate	VERB	to accept something you don't like	Our teacher won't tolerate unkindness.
3931	torture	VERB	to cause someone great pain on purpose; to worry a lot	Don't torture yourself about a small mistake.
3932	toxic	ADJ	harmful to living things	Some plants are toxic to cats.
3933	tragic	ADJ	very sad	The story has a tragic ending.
3934	trait	NOUN	a quality of someone's character	Curiosity is a lovely trait.
3935	transcript	NOUN	a written copy of what was said	We read the transcript of the interview.
3936	transplant	VERB	to move a plant to another place	We transplanted the tomato seedlings into bigger pots.
3937	trauma	NOUN	a very upsetting experience; a serious injury	The flood was a trauma for the whole village.
3938	tremble	VERB	to shake slightly because of cold or fear	The puppy trembled in the cold.
3939	triangle	NOUN	a shape with three sides	Cut the sandwich into triangles.
3940	tribunal	NOUN	a kind of court that deals with special problems	The case went to a tribunal.
3941	tribute	NOUN	something that shows respect and admiration	The concert was a tribute to the singer.
3942	trim	VERB	to cut a little off something to make it tidy	Dad trimmed the hedge.
3943	trophy	NOUN	a cup or a prize for winning	The team lifted the trophy.
3944	tropics	NOUN	the hot parts of the world near the equator	Coconuts grow in the tropics.
3945	trousers	NOUN	clothes that cover both legs	His trousers are too long.
3946	trustee	NOUN	a person who manages money or property for others	The trustees of the charity met on Monday.
3947	tuck	VERB	to push the edge of something into place; to make someone comfortable in bed	Dad tucked me into bed.
3948	tug	VERB	to pull hard	The puppy tugged at the rope.
3949	tumble	VERB	to fall over	The toddler tumbled onto the soft grass.
3950	tumour	NOUN	a lump that grows in the body	The vet found a small tumour on the dog's leg.
3951	turnover	NOUN	the amount of money a business takes; how often staff leave	The shop has a turnover of a million euros a year.
3952	tutor	VERB	to teach one person or a small group	My big sister tutors me in maths.
3953	undermine	VERB	to make something weaker	Constant criticism can undermine a child's confidence.
3954	unify	VERB	to bring together into one	Music can unify people.
3955	upgrade	VERB	to make something better or newer	We upgraded the computer.
3956	upwards	ADV	towards a higher place	The balloon floated upwards.
3957	utilise	VERB	to use	We utilise every room in the school.
3958	utter	VERB	to say something	She didn't utter a word all morning.
3959	validate	VERB	to show that something is correct; to accept someone's feelings	Validate your child's feelings before you correct them.
3960	vanish	VERB	to disappear suddenly	The magician made the coin vanish.
3961	veil	VERB	to cover or hide something	Mist veiled the islands.
3962	vein	NOUN	a thin tube in the body; a thin line in a leaf or a rock	You can see the veins of a leaf when you hold it up to the light.
3963	vendor	NOUN	a person who sells something, often in the street	The ice cream vendor rang his bell.
3964	venue	NOUN	the place where an event happens	The venue for the party is the community centre.
3965	verbal	ADJ	spoken, not written	Toddlers understand verbal instructions before they can talk.
3966	verdict	NOUN	the decision of a court or a judge	The jury reached a verdict.
3967	verify	VERB	to check that something is true	Please verify your address.
3968	verse	NOUN	a part of a song or a poem	Let's sing the first verse again.
3969	vertical	ADJ	going straight up and down	Draw a vertical line.
3970	veterinarian	NOUN	an animal doctor, mainly in American English	The veterinarian checked our puppy's teeth.
3971	viable	ADJ	able to work or succeed	Is this plan viable?
3972	vibrate	VERB	to shake quickly with small movements	My phone vibrated in my pocket.
3973	vigorous	ADJ	strong and full of energy	Ten minutes of vigorous play tires them out.
3974	villa	NOUN	a large house, often with a garden	We rented a villa by the sea.
3975	virgin	NOUN	in Christianity, the Virgin is Mary, the mother of Jesus	The church has a painting of the Virgin and child.
3976	vitamin	NOUN	a natural substance in food that helps your body stay healthy	Oranges are full of vitamin C.
3977	vivid	ADJ	very bright; very clear	She has a vivid imagination.
3978	vocal	ADJ	related to the voice	The choir did some vocal exercises.
3979	vocation	NOUN	a strong feeling that a job is right for you	Teaching is her vocation.
3980	volcano	NOUN	a mountain that can throw out hot rock and gas	We made a volcano with baking soda and vinegar.
3981	wagon	NOUN	a vehicle with four wheels pulled by horses	The farmer's wagon was full of hay.
3982	waist	NOUN	the middle part of your body, above your hips	The water came up to my waist.
3983	waiter	NOUN	a person who serves food in a restaurant	The waiter brought us the menu.
3984	wan	ADJ	pale and tired-looking	She looked wan after the long journey.
3985	ward	NOUN	a room in a hospital with several beds	The children's ward has toys and books.
3986	warehouse	NOUN	a large building for storing goods	The toys are kept in a warehouse.
3987	warrant	VERB	to make something necessary or right	The small scratch didn't warrant a plaster.
3988	warrior	NOUN	a brave fighter, especially in the past	The little boy dressed up as a warrior for carnival.
3989	wax	NOUN	a soft substance used to make candles	The candle wax dripped onto the table.
3990	weary	ADJ	very tired	The weary travellers finally reached home.
3991	webs	NOUN	the nets that spiders make	Spiders spin their webs in the garden.
3992	weep	VERB	to cry	The sad song made her weep.
3993	wells	NOUN	deep holes in the ground for getting water	The old village had two wells.
3994	whale	NOUN	a very large sea animal that breathes air	The blue whale is the largest animal on Earth.
3995	whiskey	NOUN	a strong drink for adults made from grain	Ireland is famous for its whiskey.
3996	widow	NOUN	a woman whose husband has passed away	The widow lived alone by the sea.
3997	wit	NOUN	the ability to say clever, funny things	Her quick wit made everyone laugh.
3998	worship	NOUN	the showing of love and respect to a god	A church is a place of worship.
3999	wreck	VERB	to destroy or badly damage something	The storm wrecked the fishing boats.
4000	wrist	NOUN	the joint between your hand and your arm	She wears a watch on her wrist.
